-- phpMyAdmin SQL Dump
-- version 5.2.0
-- https://www.phpmyadmin.net/
--
-- Host: 127.0.0.1
-- Generation Time: May 11, 2023 at 06:13 AM
-- Server version: 10.4.27-MariaDB
-- PHP Version: 8.1.12

SET SQL_MODE = "NO_AUTO_VALUE_ON_ZERO";
START TRANSACTION;
SET time_zone = "+00:00";


/*!40101 SET @OLD_CHARACTER_SET_CLIENT=@@CHARACTER_SET_CLIENT */;
/*!40101 SET @OLD_CHARACTER_SET_RESULTS=@@CHARACTER_SET_RESULTS */;
/*!40101 SET @OLD_COLLATION_CONNECTION=@@COLLATION_CONNECTION */;
/*!40101 SET NAMES utf8mb4 */;

--
-- Database: `webshop`
--

-- --------------------------------------------------------

--
-- Table structure for table `admin`
--

CREATE TABLE `admin` (
  `id_admin` int(10) NOT NULL,
  `name` varchar(64) CHARACTER SET utf8 COLLATE utf8_unicode_ci NOT NULL,
  `username` varchar(32) CHARACTER SET utf8 COLLATE utf8_unicode_ci NOT NULL,
  `password` varchar(32) CHARACTER SET utf8 COLLATE utf8_unicode_ci NOT NULL
) ENGINE=InnoDB DEFAULT CHARSET=utf8 COLLATE=utf8_general_ci;

--
-- Dumping data for table `admin`
--

INSERT INTO `admin` (`id_admin`, `name`, `username`, `password`) VALUES
(1, 'admin', 'admin', 'admin');

-- --------------------------------------------------------

--
-- Table structure for table `catalog`
--

CREATE TABLE `catalog` (
  `id_catalog` int(32) NOT NULL,
  `catalogName` varchar(255) NOT NULL,
  `description` text NOT NULL
) ENGINE=InnoDB DEFAULT CHARSET=utf8mb4 COLLATE=utf8mb4_general_ci;

--
-- Dumping data for table `catalog`
--

INSERT INTO `catalog` (`id_catalog`, `catalogName`, `description`) VALUES
(1, 'Laptop', 'laptop'),
(2, 'Headphone', 'tai nghe');

-- --------------------------------------------------------

--
-- Table structure for table `img_info`
--

CREATE TABLE `img_info` (
  `id_info` int(32) NOT NULL,
  `id_product` int(32) NOT NULL,
  `url_info` varchar(2000) NOT NULL
) ENGINE=InnoDB DEFAULT CHARSET=utf8mb4 COLLATE=utf8mb4_general_ci;

--
-- Dumping data for table `img_info`
--

INSERT INTO `img_info` (`id_info`, `id_product`, `url_info`) VALUES
(1, 5, 'https://cdn.tgdd.vn/Products/Images/44/282827/s16/macbook-air-m2-2022-8-core-gpu-021122-101441.jpg'),
(2, 3, 'https://cdn.tgdd.vn/Products/Images/44/302149/s16/macbook-pro-16-inch-m2-pro-desktop-2.jpg'),
(3, 3, 'https://cdn.tgdd.vn/Products/Images/44/302149/s16/macbook-pro-16-inch-m2-pro-desktop-1.jpg'),
(4, 3, 'https://cdn.tgdd.vn/Products/Images/44/302149/s16/macbook-pro-16-inch-m2-pro-desktop-3.jpg'),
(5, 3, 'https://cdn.tgdd.vn/Products/Images/44/302149/s16/macbook-pro-16-inch-m2-pro-desktop-4.jpg'),
(6, 5, 'https://cdn.tgdd.vn/Products/Images/44/289441/s16/apple-macbook-air-m2-2022-16gb-desktop-2.jpg'),
(7, 5, 'https://cdn.tgdd.vn/Products/Images/44/289441/s16/apple-macbook-air-m2-2022-16gb-desktop-3.jpg'),
(8, 5, 'https://cdn.tgdd.vn/Products/Images/44/289441/s16/apple-macbook-air-m2-2022-16gb-desktop-4.jpg'),
(9, 5, 'https://cdn.tgdd.vn/Products/Images/44/289441/s16/apple-macbook-air-m2-2022-16gb-desktop-7.jpg'),
(10, 8, 'https://images.fpt.shop/unsafe/filters:quality(90)/fptshop.com.vn/Uploads/images/2015/Tin-Tuc/BaoPK/ThinCharge/macbook-pro-m2-2022-13-inch-1.jpg'),
(11, 8, 'https://images.fpt.shop/unsafe/filters:quality(90)/fptshop.com.vn/Uploads/images/2015/Tin-Tuc/BaoPK/ThinCharge/macbook-pro-m2-2022-13-inch-2.jpg'),
(12, 8, 'https://images.fpt.shop/unsafe/filters:quality(90)/fptshop.com.vn/Uploads/images/2015/Tin-Tuc/BaoPK/ThinCharge/macbook-pro-m2-2022-13-inch-3.jpg'),
(13, 8, 'https://images.fpt.shop/unsafe/filters:quality(90)/fptshop.com.vn/Uploads/images/2015/Tin-Tuc/BaoPK/ThinCharge/macbook-pro-m2-2022-13-inch-4.jpg'),
(14, 8, 'https://images.fpt.shop/unsafe/filters:quality(90)/fptshop.com.vn/Uploads/images/2015/Tin-Tuc/BaoPK/ThinCharge/macbook-pro-m2-2022-13-inch-5.jpg'),
(15, 8, 'https://images.fpt.shop/unsafe/filters:quality(90)/fptshop.com.vn/Uploads/images/2015/Tin-Tuc/BaoPK/ThinCharge/macbook-pro-m2-2022-13-inch-a.jpg'),
(16, 8, 'https://images.fpt.shop/unsafe/filters:quality(90)/fptshop.com.vn/Uploads/images/2015/Tin-Tuc/BaoPK/ThinCharge/macbook-pro-m2-2022-13-inch-6.JPG'),
(17, 8, 'https://images.fpt.shop/unsafe/filters:quality(90)/fptshop.com.vn/Uploads/images/2015/Tin-Tuc/BaoPK/ThinCharge/macbook-pro-m2-2022-13-inch-7.JPG'),
(18, 11, 'https://cdn.tgdd.vn/Products/Images/44/243952/s16/apple-macbook-air-m1-2020-z12a00050-121021-053846.jpg'),
(19, 11, 'https://cdn.tgdd.vn/Products/Images/44/243952/s16/apple-macbook-air-m1-2020-z12a00050-121021-053847.jpg'),
(20, 11, 'https://cdn.tgdd.vn/Products/Images/44/243952/s16/apple-macbook-air-m1-2020-z12a00050-121021-053847-1.jpg'),
(21, 11, 'https://cdn.tgdd.vn/Products/Images/44/243952/s16/apple-macbook-air-m1-2020-z12a00050-121021-053848.jpg'),
(22, 11, 'https://cdn.tgdd.vn/Products/Images/44/243952/s16/apple-macbook-air-m1-2020-z12a00050-121021-053849.jpg'),
(23, 11, 'https://cdn.tgdd.vn/Products/Images/44/243952/s16/apple-macbook-air-m1-2020-z12a00050-121021-053849-1.jpg'),
(24, 11, 'https://cdn.tgdd.vn/Products/Images/44/243952/s16/apple-macbook-air-m1-2020-z12a00050-121021-053850.jpg'),
(25, 11, 'https://cdn.tgdd.vn/Products/Images/44/243952/s16/apple-macbook-air-m1-2020-z12a00050-121021-053850-1.jpg'),
(26, 11, 'https://cdn.tgdd.vn/Products/Images/44/243952/s16/apple-macbook-air-m1-2020-z12a00050-121021-053851.jpg'),
(27, 11, 'https://cdn.tgdd.vn/Products/Images/44/243952/s16/apple-macbook-air-m1-2020-z12a00050-121021-053852.jpg'),
(28, 11, 'https://cdn.tgdd.vn/Products/Images/44/243952/s16/apple-macbook-air-m1-2020-z12a00050-121021-053852-1.jpg'),
(29, 11, 'https://cdn.tgdd.vn/Products/Images/44/243952/s16/apple-macbook-air-m1-2020-z12a00050-121021-053854.jpg'),
(30, 11, 'https://cdn.tgdd.vn/Products/Images/44/243952/s16/apple-macbook-air-m1-2020-z12a00050-121021-053854-1.jpg'),
(31, 11, 'https://cdn.tgdd.vn/Products/Images/44/243952/s16/apple-macbook-air-m1-2020-z12a00050-121021-053856.jpg'),
(32, 11, 'https://cdn.tgdd.vn/Products/Images/44/243952/s16/apple-macbook-air-m1-2020-z12a00050-121021-053857.jpg'),
(33, 11, 'https://cdn.tgdd.vn/Products/Images/44/243952/s16/apple-macbook-air-m1-2020-z12a00050-121021-053858.jpg'),
(34, 16, 'https://cdn.tgdd.vn/Products/Images/44/231255/s16/apple-macbook-pro-2020-z11c-s-1.jpg'),
(35, 16, 'https://cdn.tgdd.vn/Products/Images/44/231255/s16/apple-macbook-pro-2020-z11c-s-2.jpg'),
(36, 16, 'https://cdn.tgdd.vn/Products/Images/44/231255/s16/apple-macbook-pro-2020-z11c-s-3.jpg'),
(37, 16, 'https://cdn.tgdd.vn/Products/Images/44/231255/s16/apple-macbook-pro-2020-z11c-s-4.jpg'),
(38, 16, 'https://cdn.tgdd.vn/Products/Images/44/231255/s16/apple-macbook-pro-2020-z11c-s-5.jpg'),
(39, 16, 'https://cdn.tgdd.vn/Products/Images/44/231255/s16/apple-macbook-pro-2020-z11c-s-6.jpg'),
(40, 16, 'https://cdn.tgdd.vn/Products/Images/44/231255/s16/apple-macbook-pro-2020-z11c-s-7.jpg'),
(41, 16, 'https://cdn.tgdd.vn/Products/Images/44/231255/s16/apple-macbook-pro-2020-z11c-s-8.jpg'),
(42, 16, 'https://cdn.tgdd.vn/Products/Images/44/231255/s16/apple-macbook-pro-2020-z11c-s-9.jpg'),
(43, 16, 'https://cdn.tgdd.vn/Products/Images/44/231255/s16/apple-macbook-pro-2020-z11c-s-10.jpg'),
(44, 16, 'https://cdn.tgdd.vn/Products/Images/44/231255/s16/apple-macbook-pro-2020-z11c-s-11.jpg'),
(45, 16, 'https://cdn.tgdd.vn/Products/Images/44/231255/s16/apple-macbook-pro-2020-z11c-s-12.jpg'),
(46, 16, 'https://cdn.tgdd.vn/Products/Images/44/231255/s16/apple-macbook-pro-2020-z11c-s-13.jpg'),
(47, 16, 'https://cdn.tgdd.vn/Products/Images/44/231255/s16/apple-macbook-pro-2020-z11c-s-14.jpg'),
(48, 16, 'https://cdn.tgdd.vn/Products/Images/44/231255/s16/apple-macbook-pro-2020-z11c-s-15.jpg'),
(49, 16, 'https://cdn.tgdd.vn/Products/Images/44/231255/s16/apple-macbook-pro-2020-z11c-s-16.jpg'),
(50, 16, 'https://cdn.tgdd.vn/Products/Images/44/231255/s16/apple-macbook-pro-2020-z11c-s-17.jpg'),
(51, 16, 'https://cdn.tgdd.vn/Products/Images/44/231255/s16/apple-macbook-pro-2020-z11c-s-18.jpg'),
(52, 16, 'https://cdn.tgdd.vn/Products/Images/44/231255/s16/apple-macbook-pro-2020-z11c-s-19.jpg'),
(53, 16, 'https://cdn.tgdd.vn/Products/Images/44/231255/s16/apple-macbook-pro-2020-z11c-s-20.jpg'),
(54, 4, 'https://cdn.tgdd.vn/Products/Images/44/302149/s16/macbook-pro-16-inch-m2-pro-desktop-2.jpg'),
(55, 4, 'https://cdn.tgdd.vn/Products/Images/44/302149/s16/macbook-pro-16-inch-m2-pro-desktop-1.jpg'),
(56, 4, 'https://cdn.tgdd.vn/Products/Images/44/302149/s16/macbook-pro-16-inch-m2-pro-desktop-3.jpg'),
(57, 4, 'https://cdn.tgdd.vn/Products/Images/44/302149/s16/macbook-pro-16-inch-m2-pro-desktop-4.jpg'),
(58, 6, 'https://cdn.tgdd.vn/Products/Images/44/282827/s16/macbook-air-m2-2022-8-core-gpu-021122-101441.jpg'),
(59, 6, 'https://cdn.tgdd.vn/Products/Images/44/289441/s16/apple-macbook-air-m2-2022-16gb-desktop-2.jpg'),
(60, 6, 'https://cdn.tgdd.vn/Products/Images/44/289441/s16/apple-macbook-air-m2-2022-16gb-desktop-3.jpg'),
(61, 6, 'https://cdn.tgdd.vn/Products/Images/44/289441/s16/apple-macbook-air-m2-2022-16gb-desktop-4.jpg'),
(62, 6, 'https://cdn.tgdd.vn/Products/Images/44/289441/s16/apple-macbook-air-m2-2022-16gb-desktop-7.jpg'),
(63, 7, 'https://cdn.tgdd.vn/Products/Images/44/282827/s16/macbook-air-m2-2022-8-core-gpu-021122-101441.jpg'),
(64, 7, 'https://cdn.tgdd.vn/Products/Images/44/289441/s16/apple-macbook-air-m2-2022-16gb-desktop-2.jpg'),
(65, 7, 'https://cdn.tgdd.vn/Products/Images/44/289441/s16/apple-macbook-air-m2-2022-16gb-desktop-3.jpg'),
(66, 7, 'https://cdn.tgdd.vn/Products/Images/44/289441/s16/apple-macbook-air-m2-2022-16gb-desktop-4.jpg'),
(67, 7, 'https://cdn.tgdd.vn/Products/Images/44/289441/s16/apple-macbook-air-m2-2022-16gb-desktop-7.jpg'),
(68, 9, 'https://images.fpt.shop/unsafe/filters:quality(90)/fptshop.com.vn/Uploads/images/2015/Tin-Tuc/BaoPK/ThinCharge/macbook-pro-m2-2022-13-inch-1.jpg'),
(69, 9, 'https://images.fpt.shop/unsafe/filters:quality(90)/fptshop.com.vn/Uploads/images/2015/Tin-Tuc/BaoPK/ThinCharge/macbook-pro-m2-2022-13-inch-2.jpg'),
(70, 9, 'https://images.fpt.shop/unsafe/filters:quality(90)/fptshop.com.vn/Uploads/images/2015/Tin-Tuc/BaoPK/ThinCharge/macbook-pro-m2-2022-13-inch-3.jpg'),
(71, 9, 'https://images.fpt.shop/unsafe/filters:quality(90)/fptshop.com.vn/Uploads/images/2015/Tin-Tuc/BaoPK/ThinCharge/macbook-pro-m2-2022-13-inch-4.jpg'),
(72, 9, 'https://images.fpt.shop/unsafe/filters:quality(90)/fptshop.com.vn/Uploads/images/2015/Tin-Tuc/BaoPK/ThinCharge/macbook-pro-m2-2022-13-inch-5.jpg'),
(73, 9, 'https://images.fpt.shop/unsafe/filters:quality(90)/fptshop.com.vn/Uploads/images/2015/Tin-Tuc/BaoPK/ThinCharge/macbook-pro-m2-2022-13-inch-a.jpg'),
(74, 9, 'https://images.fpt.shop/unsafe/filters:quality(90)/fptshop.com.vn/Uploads/images/2015/Tin-Tuc/BaoPK/ThinCharge/macbook-pro-m2-2022-13-inch-6.JPG'),
(75, 9, 'https://images.fpt.shop/unsafe/filters:quality(90)/fptshop.com.vn/Uploads/images/2015/Tin-Tuc/BaoPK/ThinCharge/macbook-pro-m2-2022-13-inch-7.JPG'),
(76, 10, 'https://images.fpt.shop/unsafe/filters:quality(90)/fptshop.com.vn/Uploads/images/2015/Tin-Tuc/BaoPK/ThinCharge/macbook-pro-m2-2022-13-inch-1.jpg'),
(77, 10, 'https://images.fpt.shop/unsafe/filters:quality(90)/fptshop.com.vn/Uploads/images/2015/Tin-Tuc/BaoPK/ThinCharge/macbook-pro-m2-2022-13-inch-2.jpg'),
(78, 10, 'https://images.fpt.shop/unsafe/filters:quality(90)/fptshop.com.vn/Uploads/images/2015/Tin-Tuc/BaoPK/ThinCharge/macbook-pro-m2-2022-13-inch-3.jpg'),
(79, 10, 'https://images.fpt.shop/unsafe/filters:quality(90)/fptshop.com.vn/Uploads/images/2015/Tin-Tuc/BaoPK/ThinCharge/macbook-pro-m2-2022-13-inch-4.jpg'),
(80, 10, 'https://images.fpt.shop/unsafe/filters:quality(90)/fptshop.com.vn/Uploads/images/2015/Tin-Tuc/BaoPK/ThinCharge/macbook-pro-m2-2022-13-inch-5.jpg'),
(81, 10, 'https://images.fpt.shop/unsafe/filters:quality(90)/fptshop.com.vn/Uploads/images/2015/Tin-Tuc/BaoPK/ThinCharge/macbook-pro-m2-2022-13-inch-a.jpg'),
(82, 10, 'https://images.fpt.shop/unsafe/filters:quality(90)/fptshop.com.vn/Uploads/images/2015/Tin-Tuc/BaoPK/ThinCharge/macbook-pro-m2-2022-13-inch-6.JPG'),
(83, 10, 'https://images.fpt.shop/unsafe/filters:quality(90)/fptshop.com.vn/Uploads/images/2015/Tin-Tuc/BaoPK/ThinCharge/macbook-pro-m2-2022-13-inch-7.JPG'),
(84, 17, 'https://cdn.tgdd.vn/Products/Images/44/243952/s16/apple-macbook-air-m1-2020-z12a00050-121021-053846.jpg'),
(85, 17, 'https://cdn.tgdd.vn/Products/Images/44/243952/s16/apple-macbook-air-m1-2020-z12a00050-121021-053847.jpg'),
(86, 17, 'https://cdn.tgdd.vn/Products/Images/44/243952/s16/apple-macbook-air-m1-2020-z12a00050-121021-053847-1.jpg'),
(87, 17, 'https://cdn.tgdd.vn/Products/Images/44/243952/s16/apple-macbook-air-m1-2020-z12a00050-121021-053848.jpg'),
(88, 17, 'https://cdn.tgdd.vn/Products/Images/44/243952/s16/apple-macbook-air-m1-2020-z12a00050-121021-053849.jpg'),
(89, 17, 'https://cdn.tgdd.vn/Products/Images/44/243952/s16/apple-macbook-air-m1-2020-z12a00050-121021-053849-1.jpg'),
(90, 17, 'https://cdn.tgdd.vn/Products/Images/44/243952/s16/apple-macbook-air-m1-2020-z12a00050-121021-053850.jpg'),
(91, 17, 'https://cdn.tgdd.vn/Products/Images/44/243952/s16/apple-macbook-air-m1-2020-z12a00050-121021-053850-1.jpg'),
(92, 17, 'https://cdn.tgdd.vn/Products/Images/44/243952/s16/apple-macbook-air-m1-2020-z12a00050-121021-053851.jpg'),
(93, 17, 'https://cdn.tgdd.vn/Products/Images/44/243952/s16/apple-macbook-air-m1-2020-z12a00050-121021-053852.jpg'),
(94, 17, 'https://cdn.tgdd.vn/Products/Images/44/243952/s16/apple-macbook-air-m1-2020-z12a00050-121021-053852-1.jpg'),
(95, 17, 'https://cdn.tgdd.vn/Products/Images/44/243952/s16/apple-macbook-air-m1-2020-z12a00050-121021-053854.jpg'),
(96, 17, 'https://cdn.tgdd.vn/Products/Images/44/243952/s16/apple-macbook-air-m1-2020-z12a00050-121021-053854-1.jpg'),
(97, 17, 'https://cdn.tgdd.vn/Products/Images/44/243952/s16/apple-macbook-air-m1-2020-z12a00050-121021-053856.jpg'),
(98, 17, 'https://cdn.tgdd.vn/Products/Images/44/243952/s16/apple-macbook-air-m1-2020-z12a00050-121021-053857.jpg'),
(99, 17, 'https://cdn.tgdd.vn/Products/Images/44/243952/s16/apple-macbook-air-m1-2020-z12a00050-121021-053858.jpg'),
(100, 18, 'https://cdn.tgdd.vn/Products/Images/44/243952/s16/apple-macbook-air-m1-2020-z12a00050-121021-053846.jpg'),
(101, 18, 'https://cdn.tgdd.vn/Products/Images/44/243952/s16/apple-macbook-air-m1-2020-z12a00050-121021-053847.jpg'),
(102, 18, 'https://cdn.tgdd.vn/Products/Images/44/243952/s16/apple-macbook-air-m1-2020-z12a00050-121021-053847-1.jpg'),
(103, 18, 'https://cdn.tgdd.vn/Products/Images/44/243952/s16/apple-macbook-air-m1-2020-z12a00050-121021-053848.jpg'),
(104, 18, 'https://cdn.tgdd.vn/Products/Images/44/243952/s16/apple-macbook-air-m1-2020-z12a00050-121021-053849.jpg'),
(105, 18, 'https://cdn.tgdd.vn/Products/Images/44/243952/s16/apple-macbook-air-m1-2020-z12a00050-121021-053849-1.jpg'),
(106, 18, 'https://cdn.tgdd.vn/Products/Images/44/243952/s16/apple-macbook-air-m1-2020-z12a00050-121021-053850.jpg'),
(107, 18, 'https://cdn.tgdd.vn/Products/Images/44/243952/s16/apple-macbook-air-m1-2020-z12a00050-121021-053850-1.jpg'),
(108, 18, 'https://cdn.tgdd.vn/Products/Images/44/243952/s16/apple-macbook-air-m1-2020-z12a00050-121021-053851.jpg'),
(109, 18, 'https://cdn.tgdd.vn/Products/Images/44/243952/s16/apple-macbook-air-m1-2020-z12a00050-121021-053852.jpg'),
(110, 18, 'https://cdn.tgdd.vn/Products/Images/44/243952/s16/apple-macbook-air-m1-2020-z12a00050-121021-053852-1.jpg'),
(111, 18, 'https://cdn.tgdd.vn/Products/Images/44/243952/s16/apple-macbook-air-m1-2020-z12a00050-121021-053854.jpg'),
(112, 18, 'https://cdn.tgdd.vn/Products/Images/44/243952/s16/apple-macbook-air-m1-2020-z12a00050-121021-053854-1.jpg'),
(113, 18, 'https://cdn.tgdd.vn/Products/Images/44/243952/s16/apple-macbook-air-m1-2020-z12a00050-121021-053856.jpg'),
(114, 18, 'https://cdn.tgdd.vn/Products/Images/44/243952/s16/apple-macbook-air-m1-2020-z12a00050-121021-053857.jpg'),
(115, 18, 'https://cdn.tgdd.vn/Products/Images/44/243952/s16/apple-macbook-air-m1-2020-z12a00050-121021-053858.jpg'),
(116, 23, 'https://cdn.tgdd.vn/Products/Images/12498/304963/s16/micro-co-day-shure-mv88-video-kit-3-2.jpg'),
(117, 23, 'https://cdn.tgdd.vn/Products/Images/12498/304963/s16/micro-co-day-shure-mv88-video-kit-4-2.jpg'),
(118, 23, 'https://cdn.tgdd.vn/Products/Images/12498/304963/s16/micro-co-day-shure-mv88-video-kit-2-1.jpg');

-- --------------------------------------------------------

--
-- Table structure for table `img_list`
--

CREATE TABLE `img_list` (
  `id_img` int(32) NOT NULL,
  `id_product` int(32) NOT NULL,
  `url` varchar(255) NOT NULL
) ENGINE=InnoDB DEFAULT CHARSET=utf8mb4 COLLATE=utf8mb4_general_ci;

--
-- Dumping data for table `img_list`
--

INSERT INTO `img_list` (`id_img`, `id_product`, `url`) VALUES
(1, 3, 'https://img.tgdd.vn/imgt/f_webp,fit_outside,quality_100/https://cdn.tgdd.vn/Products/Images/44/302149/s16/macbook-pro-16-inch-m2-pro-thumb-xam-650x650.png'),
(2, 3, 'https://img.tgdd.vn/imgt/f_webp,fit_outside,quality_100/https://cdn.tgdd.vn/Products/Images/44/302149/s16/macbook-pro-16-inch-m2-pro-1-650x650.jpg'),
(3, 3, 'https://img.tgdd.vn/imgt/f_webp,fit_outside,quality_100/https://cdn.tgdd.vn/Products/Images/44/302149/s16/macbook-pro-16-inch-m2-pro-2-650x650.jpg'),
(4, 3, 'https://img.tgdd.vn/imgt/f_webp,fit_outside,quality_100/https://cdn.tgdd.vn/Products/Images/44/302149/s16/macbook-pro-16-inch-m2-pro-3-650x650.jpg'),
(5, 3, 'https://img.tgdd.vn/imgt/f_webp,fit_outside,quality_100/https://cdn.tgdd.vn/Products/Images/44/302149/s16/macbook-pro-16-inch-m2-pro-4-650x650.jpg'),
(6, 3, 'https://img.tgdd.vn/imgt/f_webp,fit_outside,quality_100/https://cdn.tgdd.vn/Products/Images/44/302149/s16/macbook-pro-16-inch-m2-pro-5-650x650.jpg'),
(7, 3, 'https://img.tgdd.vn/imgt/f_webp,fit_outside,quality_100/https://cdn.tgdd.vn/Products/Images/44/302149/s16/macbook-pro-16-inch-m2-pro-6-650x650.jpg'),
(8, 3, 'https://img.tgdd.vn/imgt/f_webp,fit_outside,quality_100/https://cdn.tgdd.vn/Products/Images/44/302149/s16/macbook-pro-16-inch-m2-pro-7-650x650.jpg'),
(9, 4, 'https://img.tgdd.vn/imgt/f_webp,fit_outside,quality_100/https://cdn.tgdd.vn/Products/Images/44/302146/s16/macbook-pro-14-inch-m2-pro-thumb-xam-1-650x650.png'),
(10, 4, 'https://img.tgdd.vn/imgt/f_webp,fit_outside,quality_100/https://cdn.tgdd.vn/Products/Images/44/302146/s16/macbook-pro-14-inch-m2-pro-1-650x650.jpg'),
(11, 4, 'https://img.tgdd.vn/imgt/f_webp,fit_outside,quality_100/https://cdn.tgdd.vn/Products/Images/44/302146/s16/macbook-pro-14-inch-m2-pro-2-650x650.jpg'),
(12, 4, 'https://img.tgdd.vn/imgt/f_webp,fit_outside,quality_100/https://cdn.tgdd.vn/Products/Images/44/302146/s16/macbook-pro-14-inch-m2-pro-3-650x650.jpg'),
(13, 4, 'https://img.tgdd.vn/imgt/f_webp,fit_outside,quality_100/https://cdn.tgdd.vn/Products/Images/44/302146/s16/macbook-pro-14-inch-m2-pro-4-650x650.jpg'),
(14, 4, 'https://img.tgdd.vn/imgt/f_webp,fit_outside,quality_100/https://cdn.tgdd.vn/Products/Images/44/302146/s16/macbook-pro-14-inch-m2-pro-5-650x650.jpg'),
(15, 4, 'https://img.tgdd.vn/imgt/f_webp,fit_outside,quality_100/https://cdn.tgdd.vn/Products/Images/44/302146/s16/macbook-pro-14-inch-m2-pro-6-650x650.jpg'),
(16, 4, 'https://img.tgdd.vn/imgt/f_webp,fit_outside,quality_100/https://cdn.tgdd.vn/Products/Images/44/302146/s16/macbook-pro-14-inch-m2-pro-6-650x650.jpg'),
(17, 5, 'https://img.tgdd.vn/imgt/f_webp,fit_outside,quality_100/https://cdn.tgdd.vn/Products/Images/44/289441/s16/apple-macbook-air-m2-2022-16gb-va%CC%80ng-650x650.png'),
(18, 5, 'https://img.tgdd.vn/imgt/f_webp,fit_outside,quality_100/https://cdn.tgdd.vn/Products/Images/44/289441/s16/apple-macbook-air-m2-2022-16gb-vang-1-650x650.jpg'),
(19, 5, 'https://img.tgdd.vn/imgt/f_webp,fit_outside,quality_100/https://cdn.tgdd.vn/Products/Images/44/289441/s16/apple-macbook-air-m2-2022-16gb-vang-2-650x650.jpg'),
(20, 5, 'https://img.tgdd.vn/imgt/f_webp,fit_outside,quality_100/https://cdn.tgdd.vn/Products/Images/44/289441/s16/apple-macbook-air-m2-2022-16gb-vang-3-650x650.jpg'),
(21, 5, 'https://img.tgdd.vn/imgt/f_webp,fit_outside,quality_100/https://cdn.tgdd.vn/Products/Images/44/289441/s16/apple-macbook-air-m2-2022-16gb-vang-4-650x650.jpg'),
(22, 5, 'https://img.tgdd.vn/imgt/f_webp,fit_outside,quality_100/https://cdn.tgdd.vn/Products/Images/44/289441/s16/apple-macbook-air-m2-2022-16gb-vang-5-650x650.jpg'),
(23, 5, 'https://img.tgdd.vn/imgt/f_webp,fit_outside,quality_100/https://cdn.tgdd.vn/Products/Images/44/289441/s16/apple-macbook-air-m2-2022-16gb-vang-6-650x650.jpg'),
(24, 5, 'https://img.tgdd.vn/imgt/f_webp,fit_outside,quality_100/https://cdn.tgdd.vn/Products/Images/44/289441/s16/apple-macbook-air-m2-2022-16gb-vang-7-650x650.jpg'),
(25, 5, 'https://img.tgdd.vn/imgt/f_webp,fit_outside,quality_100/https://cdn.tgdd.vn/Products/Images/44/289441/s16/apple-macbook-air-m2-2022-16gb-vang-8-650x650.jpg'),
(26, 5, 'https://img.tgdd.vn/imgt/f_webp,fit_outside,quality_100/https://cdn.tgdd.vn/Products/Images/44/289441/s16/apple-macbook-air-m2-2022-16gb-vang-9-650x650.jpg'),
(27, 5, 'https://img.tgdd.vn/imgt/f_webp,fit_outside,quality_100/https://cdn.tgdd.vn/Products/Images/44/289441/s16/apple-macbook-air-m2-2022-16gb-vang-10-650x650.jpg'),
(28, 6, 'https://img.tgdd.vn/imgt/f_webp,fit_outside,quality_100/https://cdn.tgdd.vn/Products/Images/44/289441/s16/apple-macbook-air-m2-2022-16gb-va%CC%80ng-650x650.png'),
(29, 6, 'https://img.tgdd.vn/imgt/f_webp,fit_outside,quality_100/https://cdn.tgdd.vn/Products/Images/44/289441/s16/apple-macbook-air-m2-2022-16gb-vang-1-650x650.jpg'),
(30, 6, 'https://img.tgdd.vn/imgt/f_webp,fit_outside,quality_100/https://cdn.tgdd.vn/Products/Images/44/289441/s16/apple-macbook-air-m2-2022-16gb-vang-2-650x650.jpg'),
(31, 6, 'https://img.tgdd.vn/imgt/f_webp,fit_outside,quality_100/https://cdn.tgdd.vn/Products/Images/44/289441/s16/apple-macbook-air-m2-2022-16gb-vang-3-650x650.jpg'),
(32, 6, 'https://img.tgdd.vn/imgt/f_webp,fit_outside,quality_100/https://cdn.tgdd.vn/Products/Images/44/289441/s16/apple-macbook-air-m2-2022-16gb-vang-4-650x650.jpg'),
(33, 6, 'https://img.tgdd.vn/imgt/f_webp,fit_outside,quality_100/https://cdn.tgdd.vn/Products/Images/44/289441/s16/apple-macbook-air-m2-2022-16gb-vang-5-650x650.jpg'),
(34, 6, 'https://img.tgdd.vn/imgt/f_webp,fit_outside,quality_100/https://cdn.tgdd.vn/Products/Images/44/289441/s16/apple-macbook-air-m2-2022-16gb-vang-6-650x650.jpg'),
(35, 6, 'https://img.tgdd.vn/imgt/f_webp,fit_outside,quality_100/https://cdn.tgdd.vn/Products/Images/44/289441/s16/apple-macbook-air-m2-2022-16gb-vang-7-650x650.jpg'),
(36, 6, 'https://img.tgdd.vn/imgt/f_webp,fit_outside,quality_100/https://cdn.tgdd.vn/Products/Images/44/289441/s16/apple-macbook-air-m2-2022-16gb-vang-8-650x650.jpg'),
(37, 6, 'https://img.tgdd.vn/imgt/f_webp,fit_outside,quality_100/https://cdn.tgdd.vn/Products/Images/44/289441/s16/apple-macbook-air-m2-2022-16gb-vang-9-650x650.jpg'),
(38, 6, 'https://img.tgdd.vn/imgt/f_webp,fit_outside,quality_100/https://cdn.tgdd.vn/Products/Images/44/289441/s16/apple-macbook-air-m2-2022-16gb-vang-10-650x650.jpg'),
(39, 7, 'https://img.tgdd.vn/imgt/f_webp,fit_outside,quality_100/https://cdn.tgdd.vn/Products/Images/44/289441/s16/apple-macbook-air-m2-2022-16gb-va%CC%80ng-650x650.png'),
(40, 7, 'https://img.tgdd.vn/imgt/f_webp,fit_outside,quality_100/https://cdn.tgdd.vn/Products/Images/44/289441/s16/apple-macbook-air-m2-2022-16gb-vang-1-650x650.jpg'),
(41, 7, 'https://img.tgdd.vn/imgt/f_webp,fit_outside,quality_100/https://cdn.tgdd.vn/Products/Images/44/289441/s16/apple-macbook-air-m2-2022-16gb-vang-2-650x650.jpg'),
(42, 7, 'https://img.tgdd.vn/imgt/f_webp,fit_outside,quality_100/https://cdn.tgdd.vn/Products/Images/44/289441/s16/apple-macbook-air-m2-2022-16gb-vang-3-650x650.jpg'),
(43, 7, 'https://img.tgdd.vn/imgt/f_webp,fit_outside,quality_100/https://cdn.tgdd.vn/Products/Images/44/289441/s16/apple-macbook-air-m2-2022-16gb-vang-4-650x650.jpg'),
(44, 7, 'https://img.tgdd.vn/imgt/f_webp,fit_outside,quality_100/https://cdn.tgdd.vn/Products/Images/44/289441/s16/apple-macbook-air-m2-2022-16gb-vang-5-650x650.jpg'),
(45, 7, 'https://img.tgdd.vn/imgt/f_webp,fit_outside,quality_100/https://cdn.tgdd.vn/Products/Images/44/289441/s16/apple-macbook-air-m2-2022-16gb-vang-6-650x650.jpg'),
(46, 7, 'https://img.tgdd.vn/imgt/f_webp,fit_outside,quality_100/https://cdn.tgdd.vn/Products/Images/44/289441/s16/apple-macbook-air-m2-2022-16gb-vang-7-650x650.jpg'),
(47, 7, 'https://img.tgdd.vn/imgt/f_webp,fit_outside,quality_100/https://cdn.tgdd.vn/Products/Images/44/289441/s16/apple-macbook-air-m2-2022-16gb-vang-8-650x650.jpg'),
(48, 7, 'https://img.tgdd.vn/imgt/f_webp,fit_outside,quality_100/https://cdn.tgdd.vn/Products/Images/44/289441/s16/apple-macbook-air-m2-2022-16gb-vang-9-650x650.jpg'),
(49, 7, 'https://img.tgdd.vn/imgt/f_webp,fit_outside,quality_100/https://cdn.tgdd.vn/Products/Images/44/289441/s16/apple-macbook-air-m2-2022-16gb-vang-10-650x650.jpg'),
(50, 8, 'https://img.tgdd.vn/imgt/f_webp,fit_outside,quality_100/https://cdn.tgdd.vn/Products/Images/44/282828/s16/apple-pro-m2-2022-bac-650x650.png'),
(51, 8, 'https://img.tgdd.vn/imgt/f_webp,fit_outside,quality_100/https://cdn.tgdd.vn/Products/Images/44/282828/s16/apple-macbook-pro-13-inch-m2-2022-1-1-650x650.jpg'),
(52, 8, 'https://img.tgdd.vn/imgt/f_webp,fit_outside,quality_100/https://cdn.tgdd.vn/Products/Images/44/282828/s16/apple-macbook-pro-13-inch-m2-2022-2-1-650x650.jpg'),
(53, 8, 'https://img.tgdd.vn/imgt/f_webp,fit_outside,quality_100/https://cdn.tgdd.vn/Products/Images/44/282828/s16/apple-macbook-pro-13-inch-m2-2022-3-1-650x650.jpg'),
(54, 8, 'https://img.tgdd.vn/imgt/f_webp,fit_outside,quality_100/https://cdn.tgdd.vn/Products/Images/44/282828/s16/apple-macbook-pro-13-inch-m2-2022-4-1-650x650.jpg'),
(55, 8, 'https://img.tgdd.vn/imgt/f_webp,fit_outside,quality_100/https://cdn.tgdd.vn/Products/Images/44/282828/s16/apple-macbook-pro-13-inch-m2-2022-5-1-650x650.jpg'),
(56, 8, 'https://img.tgdd.vn/imgt/f_webp,fit_outside,quality_100/https://cdn.tgdd.vn/Products/Images/44/282828/s16/apple-macbook-pro-13-inch-m2-2022-6-1-650x650.jpg'),
(57, 9, 'https://img.tgdd.vn/imgt/f_webp,fit_outside,quality_100/https://cdn.tgdd.vn/Products/Images/44/282828/s16/apple-pro-m2-2022-bac-650x650.png'),
(58, 9, 'https://img.tgdd.vn/imgt/f_webp,fit_outside,quality_100/https://cdn.tgdd.vn/Products/Images/44/282828/s16/apple-macbook-pro-13-inch-m2-2022-1-1-650x650.jpg'),
(59, 9, 'https://img.tgdd.vn/imgt/f_webp,fit_outside,quality_100/https://cdn.tgdd.vn/Products/Images/44/282828/s16/apple-macbook-pro-13-inch-m2-2022-2-1-650x650.jpg'),
(60, 9, 'https://img.tgdd.vn/imgt/f_webp,fit_outside,quality_100/https://cdn.tgdd.vn/Products/Images/44/282828/s16/apple-macbook-pro-13-inch-m2-2022-3-1-650x650.jpg'),
(61, 9, 'https://img.tgdd.vn/imgt/f_webp,fit_outside,quality_100/https://cdn.tgdd.vn/Products/Images/44/282828/s16/apple-macbook-pro-13-inch-m2-2022-4-1-650x650.jpg'),
(62, 9, 'https://img.tgdd.vn/imgt/f_webp,fit_outside,quality_100/https://cdn.tgdd.vn/Products/Images/44/282828/s16/apple-macbook-pro-13-inch-m2-2022-5-1-650x650.jpg'),
(63, 9, 'https://img.tgdd.vn/imgt/f_webp,fit_outside,quality_100/https://cdn.tgdd.vn/Products/Images/44/282828/s16/apple-macbook-pro-13-inch-m2-2022-6-1-650x650.jpg'),
(64, 10, 'https://img.tgdd.vn/imgt/f_webp,fit_outside,quality_100/https://cdn.tgdd.vn/Products/Images/44/282828/s16/apple-pro-m2-2022-bac-650x650.png'),
(65, 10, 'https://img.tgdd.vn/imgt/f_webp,fit_outside,quality_100/https://cdn.tgdd.vn/Products/Images/44/282828/s16/apple-macbook-pro-13-inch-m2-2022-1-1-650x650.jpg'),
(66, 10, 'https://img.tgdd.vn/imgt/f_webp,fit_outside,quality_100/https://cdn.tgdd.vn/Products/Images/44/282828/s16/apple-macbook-pro-13-inch-m2-2022-2-1-650x650.jpg'),
(67, 10, 'https://img.tgdd.vn/imgt/f_webp,fit_outside,quality_100/https://cdn.tgdd.vn/Products/Images/44/282828/s16/apple-macbook-pro-13-inch-m2-2022-3-1-650x650.jpg'),
(68, 10, 'https://img.tgdd.vn/imgt/f_webp,fit_outside,quality_100/https://cdn.tgdd.vn/Products/Images/44/282828/s16/apple-macbook-pro-13-inch-m2-2022-4-1-650x650.jpg'),
(69, 10, 'https://img.tgdd.vn/imgt/f_webp,fit_outside,quality_100/https://cdn.tgdd.vn/Products/Images/44/282828/s16/apple-macbook-pro-13-inch-m2-2022-5-1-650x650.jpg'),
(70, 10, 'https://img.tgdd.vn/imgt/f_webp,fit_outside,quality_100/https://cdn.tgdd.vn/Products/Images/44/282828/s16/apple-macbook-pro-13-inch-m2-2022-6-1-650x650.jpg'),
(71, 11, 'https://img.tgdd.vn/imgt/f_webp,fit_outside,quality_100/https://cdn.tgdd.vn/Products/Images/44/264420/s16/macbook-air-m1-2020-8-core-gpu-gold-thumb-650x650.png'),
(72, 11, 'https://img.tgdd.vn/imgt/f_webp,fit_outside,quality_100/https://cdn.tgdd.vn/Products/Images/44/264420/s16/macbook-air-m1-2020-8-core-gpu-vang-01-650x650.jpg'),
(73, 11, 'https://img.tgdd.vn/imgt/f_webp,fit_outside,quality_100/https://cdn.tgdd.vn/Products/Images/44/264420/s16/macbook-air-m1-2020-8-core-gpu-vang-02-650x650.jpg'),
(74, 11, 'https://img.tgdd.vn/imgt/f_webp,fit_outside,quality_100/https://cdn.tgdd.vn/Products/Images/44/264420/s16/macbook-air-m1-2020-8-core-gpu-vang-03-650x650.jpg'),
(75, 11, 'https://img.tgdd.vn/imgt/f_webp,fit_outside,quality_100/https://cdn.tgdd.vn/Products/Images/44/264420/s16/macbook-air-m1-2020-8-core-gpu-vang-04-650x650.jpg'),
(76, 11, 'https://img.tgdd.vn/imgt/f_webp,fit_outside,quality_100/https://cdn.tgdd.vn/Products/Images/44/264420/s16/macbook-air-m1-2020-8-core-gpu-vang-05-650x650.jpg'),
(77, 12, 'https://img.tgdd.vn/imgt/f_webp,fit_outside,quality_100/https://cdn.tgdd.vn/Products/Images/44/253706/s16/macbook-pro-16-m1-pro-2021-bac-650x650.png'),
(78, 12, 'https://img.tgdd.vn/imgt/f_webp,fit_outside,quality_100/https://cdn.tgdd.vn/Products/Images/44/253706/s16/apple-macbook-pro-16-m1-pro-2021-10-core-cpu-1-1-650x650.jpg'),
(79, 12, 'https://img.tgdd.vn/imgt/f_webp,fit_outside,quality_100/https://cdn.tgdd.vn/Products/Images/44/253706/s16/apple-macbook-pro-16-m1-pro-2021-10-core-cpu-2-1-650x650.jpg'),
(80, 12, 'https://img.tgdd.vn/imgt/f_webp,fit_outside,quality_100/https://cdn.tgdd.vn/Products/Images/44/253706/s16/apple-macbook-pro-16-m1-pro-2021-10-core-cpu-3-1-650x650.jpg'),
(81, 12, 'https://img.tgdd.vn/imgt/f_webp,fit_outside,quality_100/https://cdn.tgdd.vn/Products/Images/44/253706/s16/apple-macbook-pro-16-m1-pro-2021-10-core-cpu-4-1-650x650.jpg'),
(82, 12, 'https://img.tgdd.vn/imgt/f_webp,fit_outside,quality_100/https://cdn.tgdd.vn/Products/Images/44/253706/s16/apple-macbook-pro-16-m1-pro-2021-10-core-cpu-5-1-650x650.jpg'),
(83, 12, 'https://img.tgdd.vn/imgt/f_webp,fit_outside,quality_100/https://cdn.tgdd.vn/Products/Images/44/253706/s16/apple-macbook-pro-16-m1-pro-2021-10-core-cpu-6-1-650x650.jpg'),
(84, 12, 'https://img.tgdd.vn/imgt/f_webp,fit_outside,quality_100/https://cdn.tgdd.vn/Products/Images/44/253706/s16/apple-macbook-pro-16-m1-pro-2021-10-core-cpu-7-1-650x650.jpg'),
(85, 12, 'https://img.tgdd.vn/imgt/f_webp,fit_outside,quality_100/https://cdn.tgdd.vn/Products/Images/44/253706/s16/apple-macbook-pro-16-m1-pro-2021-10-core-cpu-8-1-650x650.jpg'),
(86, 12, 'https://img.tgdd.vn/imgt/f_webp,fit_outside,quality_100/https://cdn.tgdd.vn/Products/Images/44/253706/s16/apple-macbook-pro-16-m1-pro-2021-10-core-cpu-9-1-650x650.jpg'),
(87, 12, 'https://img.tgdd.vn/imgt/f_webp,fit_outside,quality_100/https://cdn.tgdd.vn/Products/Images/44/253706/s16/apple-macbook-pro-16-m1-pro-2021-10-core-cpu-10-1-650x650.jpg'),
(88, 13, 'https://img.tgdd.vn/imgt/f_webp,fit_outside,quality_100/https://cdn.tgdd.vn/Products/Images/44/253703/s16/apple-macbook-pro-14-m1-pro-2021-xam-thumb-650x650.png'),
(89, 13, 'https://img.tgdd.vn/imgt/f_webp,fit_outside,quality_100/https://cdn.tgdd.vn/Products/Images/44/253706/s16/apple-macbook-pro-16-m1-pro-2021-10-core-cpu-1-1-650x650.jpg'),
(90, 13, 'https://img.tgdd.vn/imgt/f_webp,fit_outside,quality_100/https://cdn.tgdd.vn/Products/Images/44/253706/s16/apple-macbook-pro-16-m1-pro-2021-10-core-cpu-2-1-650x650.jpg'),
(91, 13, 'https://img.tgdd.vn/imgt/f_webp,fit_outside,quality_100/https://cdn.tgdd.vn/Products/Images/44/253706/s16/apple-macbook-pro-16-m1-pro-2021-10-core-cpu-3-1-650x650.jpg'),
(92, 13, 'https://img.tgdd.vn/imgt/f_webp,fit_outside,quality_100/https://cdn.tgdd.vn/Products/Images/44/253706/s16/apple-macbook-pro-16-m1-pro-2021-10-core-cpu-4-1-650x650.jpg'),
(93, 13, 'https://img.tgdd.vn/imgt/f_webp,fit_outside,quality_100/https://cdn.tgdd.vn/Products/Images/44/253706/s16/apple-macbook-pro-16-m1-pro-2021-10-core-cpu-5-1-650x650.jpg'),
(94, 13, 'https://img.tgdd.vn/imgt/f_webp,fit_outside,quality_100/https://cdn.tgdd.vn/Products/Images/44/253706/s16/apple-macbook-pro-16-m1-pro-2021-10-core-cpu-6-1-650x650.jpg'),
(95, 13, 'https://img.tgdd.vn/imgt/f_webp,fit_outside,quality_100/https://cdn.tgdd.vn/Products/Images/44/253706/s16/apple-macbook-pro-16-m1-pro-2021-10-core-cpu-7-1-650x650.jpg'),
(96, 13, 'https://img.tgdd.vn/imgt/f_webp,fit_outside,quality_100/https://cdn.tgdd.vn/Products/Images/44/253706/s16/apple-macbook-pro-16-m1-pro-2021-10-core-cpu-8-1-650x650.jpg'),
(97, 13, 'https://img.tgdd.vn/imgt/f_webp,fit_outside,quality_100/https://cdn.tgdd.vn/Products/Images/44/253706/s16/apple-macbook-pro-16-m1-pro-2021-10-core-cpu-9-1-650x650.jpg'),
(98, 13, 'https://img.tgdd.vn/imgt/f_webp,fit_outside,quality_100/https://cdn.tgdd.vn/Products/Images/44/253706/s16/apple-macbook-pro-16-m1-pro-2021-10-core-cpu-10-1-650x650.jpg'),
(99, 14, 'https://img.tgdd.vn/imgt/f_webp,fit_outside,quality_100/https://cdn.tgdd.vn/Products/Images/44/253703/s16/apple-macbook-pro-14-m1-pro-2021-xam-thumb-650x650.png'),
(100, 14, 'https://img.tgdd.vn/imgt/f_webp,fit_outside,quality_100/https://cdn.tgdd.vn/Products/Images/44/253706/s16/apple-macbook-pro-16-m1-pro-2021-10-core-cpu-1-1-650x650.jpg'),
(101, 14, 'https://img.tgdd.vn/imgt/f_webp,fit_outside,quality_100/https://cdn.tgdd.vn/Products/Images/44/253706/s16/apple-macbook-pro-16-m1-pro-2021-10-core-cpu-2-1-650x650.jpg'),
(102, 14, 'https://img.tgdd.vn/imgt/f_webp,fit_outside,quality_100/https://cdn.tgdd.vn/Products/Images/44/253706/s16/apple-macbook-pro-16-m1-pro-2021-10-core-cpu-3-1-650x650.jpg'),
(103, 14, 'https://img.tgdd.vn/imgt/f_webp,fit_outside,quality_100/https://cdn.tgdd.vn/Products/Images/44/253706/s16/apple-macbook-pro-16-m1-pro-2021-10-core-cpu-4-1-650x650.jpg'),
(104, 14, 'https://img.tgdd.vn/imgt/f_webp,fit_outside,quality_100/https://cdn.tgdd.vn/Products/Images/44/253706/s16/apple-macbook-pro-16-m1-pro-2021-10-core-cpu-5-1-650x650.jpg'),
(105, 14, 'https://img.tgdd.vn/imgt/f_webp,fit_outside,quality_100/https://cdn.tgdd.vn/Products/Images/44/253706/s16/apple-macbook-pro-16-m1-pro-2021-10-core-cpu-6-1-650x650.jpg'),
(106, 14, 'https://img.tgdd.vn/imgt/f_webp,fit_outside,quality_100/https://cdn.tgdd.vn/Products/Images/44/253706/s16/apple-macbook-pro-16-m1-pro-2021-10-core-cpu-7-1-650x650.jpg'),
(107, 14, 'https://img.tgdd.vn/imgt/f_webp,fit_outside,quality_100/https://cdn.tgdd.vn/Products/Images/44/253706/s16/apple-macbook-pro-16-m1-pro-2021-10-core-cpu-8-1-650x650.jpg'),
(108, 14, 'https://img.tgdd.vn/imgt/f_webp,fit_outside,quality_100/https://cdn.tgdd.vn/Products/Images/44/253706/s16/apple-macbook-pro-16-m1-pro-2021-10-core-cpu-9-1-650x650.jpg'),
(109, 14, 'https://img.tgdd.vn/imgt/f_webp,fit_outside,quality_100/https://cdn.tgdd.vn/Products/Images/44/253706/s16/apple-macbook-pro-16-m1-pro-2021-10-core-cpu-10-1-650x650.jpg'),
(110, 15, 'https://img.tgdd.vn/imgt/f_webp,fit_outside,quality_100/https://cdn.tgdd.vn/Products/Images/44/253703/s16/apple-macbook-pro-14-m1-pro-2021-xam-thumb-650x650.png'),
(111, 15, 'https://img.tgdd.vn/imgt/f_webp,fit_outside,quality_100/https://cdn.tgdd.vn/Products/Images/44/253706/s16/apple-macbook-pro-16-m1-pro-2021-10-core-cpu-1-1-650x650.jpg'),
(112, 15, 'https://img.tgdd.vn/imgt/f_webp,fit_outside,quality_100/https://cdn.tgdd.vn/Products/Images/44/253706/s16/apple-macbook-pro-16-m1-pro-2021-10-core-cpu-2-1-650x650.jpg'),
(113, 15, 'https://img.tgdd.vn/imgt/f_webp,fit_outside,quality_100/https://cdn.tgdd.vn/Products/Images/44/253706/s16/apple-macbook-pro-16-m1-pro-2021-10-core-cpu-3-1-650x650.jpg'),
(114, 15, 'https://img.tgdd.vn/imgt/f_webp,fit_outside,quality_100/https://cdn.tgdd.vn/Products/Images/44/253706/s16/apple-macbook-pro-16-m1-pro-2021-10-core-cpu-4-1-650x650.jpg'),
(115, 15, 'https://img.tgdd.vn/imgt/f_webp,fit_outside,quality_100/https://cdn.tgdd.vn/Products/Images/44/253706/s16/apple-macbook-pro-16-m1-pro-2021-10-core-cpu-5-1-650x650.jpg'),
(116, 15, 'https://img.tgdd.vn/imgt/f_webp,fit_outside,quality_100/https://cdn.tgdd.vn/Products/Images/44/253706/s16/apple-macbook-pro-16-m1-pro-2021-10-core-cpu-6-1-650x650.jpg'),
(117, 15, 'https://img.tgdd.vn/imgt/f_webp,fit_outside,quality_100/https://cdn.tgdd.vn/Products/Images/44/253706/s16/apple-macbook-pro-16-m1-pro-2021-10-core-cpu-7-1-650x650.jpg'),
(118, 15, 'https://img.tgdd.vn/imgt/f_webp,fit_outside,quality_100/https://cdn.tgdd.vn/Products/Images/44/253706/s16/apple-macbook-pro-16-m1-pro-2021-10-core-cpu-8-1-650x650.jpg'),
(119, 15, 'https://img.tgdd.vn/imgt/f_webp,fit_outside,quality_100/https://cdn.tgdd.vn/Products/Images/44/253706/s16/apple-macbook-pro-16-m1-pro-2021-10-core-cpu-9-1-650x650.jpg'),
(120, 15, 'https://img.tgdd.vn/imgt/f_webp,fit_outside,quality_100/https://cdn.tgdd.vn/Products/Images/44/253706/s16/apple-macbook-pro-16-m1-pro-2021-10-core-cpu-10-1-650x650.jpg'),
(121, 16, 'https://img.tgdd.vn/imgt/f_webp,fit_outside,quality_100/https://cdn.tgdd.vn/Products/Images/44/231255/s16/macbook-pro-13-spgry-m1-thumb-650x650.png'),
(122, 16, 'https://img.tgdd.vn/imgt/f_webp,fit_outside,quality_100/https://cdn.tgdd.vn/Products/Images/44/231255/s16/macbook-pro-13-xam-01-650x650.jpg'),
(123, 16, 'https://img.tgdd.vn/imgt/f_webp,fit_outside,quality_100/https://cdn.tgdd.vn/Products/Images/44/231255/s16/macbook-pro-13-xam-02-650x650.jpg'),
(124, 16, 'https://img.tgdd.vn/imgt/f_webp,fit_outside,quality_100/https://cdn.tgdd.vn/Products/Images/44/231255/s16/macbook-pro-13-xam-03-650x650.jpg'),
(125, 16, 'https://img.tgdd.vn/imgt/f_webp,fit_outside,quality_100/https://cdn.tgdd.vn/Products/Images/44/231255/s16/macbook-pro-13-xam-04-650x650.jpg'),
(126, 16, 'https://img.tgdd.vn/imgt/f_webp,fit_outside,quality_100/https://cdn.tgdd.vn/Products/Images/44/231255/s16/macbook-pro-13-xam-05-650x650.jpg'),
(127, 17, 'https://img.tgdd.vn/imgt/f_webp,fit_outside,quality_100/https://cdn.tgdd.vn/Products/Images/44/264420/s16/macbook-air-m1-2020-8-core-gpu-gold-thumb-650x650.png'),
(128, 17, 'https://img.tgdd.vn/imgt/f_webp,fit_outside,quality_100/https://cdn.tgdd.vn/Products/Images/44/264420/s16/macbook-air-m1-2020-8-core-gpu-vang-01-650x650.jpg'),
(129, 17, 'https://img.tgdd.vn/imgt/f_webp,fit_outside,quality_100/https://cdn.tgdd.vn/Products/Images/44/264420/s16/macbook-air-m1-2020-8-core-gpu-vang-02-650x650.jpg'),
(130, 17, 'https://img.tgdd.vn/imgt/f_webp,fit_outside,quality_100/https://cdn.tgdd.vn/Products/Images/44/264420/s16/macbook-air-m1-2020-8-core-gpu-vang-03-650x650.jpg'),
(131, 17, 'https://img.tgdd.vn/imgt/f_webp,fit_outside,quality_100/https://cdn.tgdd.vn/Products/Images/44/264420/s16/macbook-air-m1-2020-8-core-gpu-vang-04-650x650.jpg'),
(132, 17, 'https://img.tgdd.vn/imgt/f_webp,fit_outside,quality_100/https://cdn.tgdd.vn/Products/Images/44/264420/s16/macbook-air-m1-2020-8-core-gpu-vang-05-650x650.jpg'),
(133, 18, 'https://img.tgdd.vn/imgt/f_webp,fit_outside,quality_100/https://cdn.tgdd.vn/Products/Images/44/264420/s16/macbook-air-m1-2020-8-core-gpu-gold-thumb-650x650.png'),
(134, 18, 'https://img.tgdd.vn/imgt/f_webp,fit_outside,quality_100/https://cdn.tgdd.vn/Products/Images/44/264420/s16/macbook-air-m1-2020-8-core-gpu-vang-01-650x650.jpg'),
(135, 18, 'https://img.tgdd.vn/imgt/f_webp,fit_outside,quality_100/https://cdn.tgdd.vn/Products/Images/44/264420/s16/macbook-air-m1-2020-8-core-gpu-vang-02-650x650.jpg'),
(136, 18, 'https://img.tgdd.vn/imgt/f_webp,fit_outside,quality_100/https://cdn.tgdd.vn/Products/Images/44/264420/s16/macbook-air-m1-2020-8-core-gpu-vang-03-650x650.jpg'),
(137, 18, 'https://img.tgdd.vn/imgt/f_webp,fit_outside,quality_100/https://cdn.tgdd.vn/Products/Images/44/264420/s16/macbook-air-m1-2020-8-core-gpu-vang-04-650x650.jpg'),
(138, 18, 'https://img.tgdd.vn/imgt/f_webp,fit_outside,quality_100/https://cdn.tgdd.vn/Products/Images/44/264420/s16/macbook-air-m1-2020-8-core-gpu-vang-05-650x650.jpg'),
(139, 19, 'https://img.tgdd.vn/imgt/f_webp,fit_outside,quality_100/https://cdn.tgdd.vn/Products/Images/54/290053/s16/airpods-3-hop-sac-khong-day-thumb-650x650.png'),
(140, 19, 'https://img.tgdd.vn/imgt/f_webp,fit_outside,quality_100/https://cdn.tgdd.vn/Products/Images/54/290053/s16/airpods-3-trang-1-650x650.jpeg'),
(141, 19, 'https://img.tgdd.vn/imgt/f_webp,fit_outside,quality_100/https://cdn.tgdd.vn/Products/Images/54/290053/s16/airpods-3-trang-2-650x650.jpeg'),
(142, 19, 'https://img.tgdd.vn/imgt/f_webp,fit_outside,quality_100/https://cdn.tgdd.vn/Products/Images/54/290053/s16/airpods-3-trang-3-650x650.jpeg'),
(143, 19, 'https://img.tgdd.vn/imgt/f_webp,fit_outside,quality_100/https://cdn.tgdd.vn/Products/Images/54/290053/s16/airpods-3-trang-4-650x650.jpeg'),
(144, 19, 'https://img.tgdd.vn/imgt/f_webp,fit_outside,quality_100/https://cdn.tgdd.vn/Products/Images/54/290053/s16/airpods-3-trang-5-650x650.jpeg'),
(145, 19, 'https://img.tgdd.vn/imgt/f_webp,fit_outside,quality_100/https://cdn.tgdd.vn/Products/Images/54/290053/s16/airpods-3-trang-6-650x650.jpeg'),
(146, 20, 'https://img.tgdd.vn/imgt/f_webp,fit_outside,quality_100/https://cdn.tgdd.vn/Products/Images/54/289781/s16/airpods-pro-2-thumb-650x650.png'),
(147, 20, 'https://img.tgdd.vn/imgt/f_webp,fit_outside,quality_100/https://cdn.tgdd.vn/Products/Images/54/289781/s16/airpods-pro-2-trang-1-650x650.jpg'),
(148, 20, 'https://img.tgdd.vn/imgt/f_webp,fit_outside,quality_100/https://cdn.tgdd.vn/Products/Images/54/289781/s16/airpods-pro-2-trang-2-650x650.jpg'),
(149, 20, 'https://img.tgdd.vn/imgt/f_webp,fit_outside,quality_100/https://cdn.tgdd.vn/Products/Images/54/289781/s16/airpods-pro-2-trang-3-650x650.jpg'),
(150, 20, 'https://img.tgdd.vn/imgt/f_webp,fit_outside,quality_100/https://cdn.tgdd.vn/Products/Images/54/289781/s16/airpods-pro-2-trang-4-650x650.jpg'),
(151, 20, 'https://img.tgdd.vn/imgt/f_webp,fit_outside,quality_100/https://cdn.tgdd.vn/Products/Images/54/289781/s16/airpods-pro-2-trang-5-650x650.jpg'),
(152, 21, 'https://img.tgdd.vn/imgt/f_webp,fit_outside,quality_100/https://cdn.tgdd.vn/Products/Images/54/253802/s16/bluetooth-airpods-pro-magsafe-charge-apple-mlwk3-261121-033421-650x650.png'),
(153, 21, 'https://img.tgdd.vn/imgt/f_webp,fit_outside,quality_100/https://cdn.tgdd.vn/Products/Images/54/253802/s16/bluetooth-airpods-pro-magsafe-charge-apple-mlwk3-2-650x650.jpg'),
(154, 21, 'https://img.tgdd.vn/imgt/f_webp,fit_outside,quality_100/https://cdn.tgdd.vn/Products/Images/54/253802/s16/bluetooth-airpods-pro-magsafe-charge-apple-mlwk3-3-650x650.jpg'),
(155, 21, 'https://img.tgdd.vn/imgt/f_webp,fit_outside,quality_100/https://cdn.tgdd.vn/Products/Images/54/253802/s16/bluetooth-airpods-pro-magsafe-charge-apple-mlwk3-4-650x650.jpg'),
(156, 21, 'https://img.tgdd.vn/imgt/f_webp,fit_outside,quality_100/https://cdn.tgdd.vn/Products/Images/54/253802/s16/bluetooth-airpods-pro-magsafe-charge-apple-mlwk3-5-650x650.jpg'),
(157, 21, 'https://img.tgdd.vn/imgt/f_webp,fit_outside,quality_100/https://cdn.tgdd.vn/Products/Images/54/253802/s16/bluetooth-airpods-pro-magsafe-charge-apple-mlwk3-6-650x650.jpg'),
(158, 22, 'https://img.tgdd.vn/imgt/f_webp,fit_outside,quality_100/https://cdn.tgdd.vn/Products/Images/54/236331/s16/airpods-max-select-hong-thumb-650x650.png'),
(159, 22, 'https://img.tgdd.vn/imgt/f_webp,fit_outside,quality_100/https://cdn.tgdd.vn/Products/Images/54/236331/s16/airpods-max-pink-1-650x650.jpg'),
(160, 22, 'https://img.tgdd.vn/imgt/f_webp,fit_outside,quality_100/https://cdn.tgdd.vn/Products/Images/54/236331/s16/airpods-max-pink-2-650x650.jpg'),
(161, 22, 'https://img.tgdd.vn/imgt/f_webp,fit_outside,quality_100/https://cdn.tgdd.vn/Products/Images/54/236331/s16/airpods-max-pink-3-650x650.jpg'),
(162, 23, 'https://img.tgdd.vn/imgt/f_webp,fit_outside,quality_100/https://cdn.tgdd.vn/Products/Images/12498/304963/s16/micro-co-day-shure-mv88-video-kit-thumb-1-650x650.png'),
(163, 23, 'https://img.tgdd.vn/imgt/f_webp,fit_outside,quality_100/https://cdn.tgdd.vn/Products/Images/12498/304963/s16/micro-co-day-shure-mv88-video-kit-1-650x650.jpg'),
(164, 23, 'https://img.tgdd.vn/imgt/f_webp,fit_outside,quality_100/https://cdn.tgdd.vn/Products/Images/12498/304963/s16/micro-co-day-shure-mv88-video-kit-2-650x650.jpg'),
(165, 23, 'https://img.tgdd.vn/imgt/f_webp,fit_outside,quality_100/https://cdn.tgdd.vn/Products/Images/12498/304963/s16/micro-co-day-shure-mv88-video-kit-3-650x650.jpg'),
(166, 23, 'https://img.tgdd.vn/imgt/f_webp,fit_outside,quality_100/https://cdn.tgdd.vn/Products/Images/12498/304963/s16/micro-co-day-shure-mv88-video-kit-4-650x650.jpg'),
(167, 23, 'https://img.tgdd.vn/imgt/f_webp,fit_outside,quality_100/https://cdn.tgdd.vn/Products/Images/12498/304963/s16/micro-co-day-shure-mv88-video-kit-7-650x650.jpg'),
(168, 24, 'https://img.tgdd.vn/imgt/f_webp,fit_outside,quality_100/https://cdn.tgdd.vn/Products/Images/1882/255340/s16/magic-keyboard-with-numeric-keypad-mq052-thumb-1-650x650.png'),
(169, 24, 'https://img.tgdd.vn/imgt/f_webp,fit_outside,quality_100/https://cdn.tgdd.vn/Products/Images/1882/255340/s16/magic-keyboard-voi-phim-so-1-650x650.jpg'),
(170, 24, 'https://img.tgdd.vn/imgt/f_webp,fit_outside,quality_100/https://cdn.tgdd.vn/Products/Images/1882/255340/s16/magic-keyboard-voi-phim-so-2-650x650.jpg'),
(171, 24, 'https://img.tgdd.vn/imgt/f_webp,fit_outside,quality_100/https://cdn.tgdd.vn/Products/Images/1882/255340/s16/magic-keyboard-voi-phim-so-3-650x650.jpg'),
(172, 24, 'https://img.tgdd.vn/imgt/f_webp,fit_outside,quality_100/https://cdn.tgdd.vn/Products/Images/1882/255340/s16/magic-keyboard-voi-phim-so-4-650x650.jpg'),
(173, 25, 'https://img.tgdd.vn/imgt/f_webp,fit_outside,quality_100/https://cdn.tgdd.vn/Products/Images/1882/251881/s16/magic-keyboard-thumb-650x650.png'),
(174, 25, 'https://img.tgdd.vn/imgt/f_webp,fit_outside,quality_100/https://cdn.tgdd.vn/Products/Images/1882/251881/s16/magic-keyboard-1-4-650x650.jpg'),
(175, 25, 'https://img.tgdd.vn/imgt/f_webp,fit_outside,quality_100/https://cdn.tgdd.vn/Products/Images/1882/251881/s16/magic-keyboard-2-4-650x650.jpg'),
(176, 25, 'https://img.tgdd.vn/imgt/f_webp,fit_outside,quality_100/https://cdn.tgdd.vn/Products/Images/1882/251881/s16/magic-keyboard-3-4-650x650.jpg'),
(177, 25, 'https://img.tgdd.vn/imgt/f_webp,fit_outside,quality_100/https://cdn.tgdd.vn/Products/Images/1882/251881/s16/magic-keyboard-4-4-650x650.jpg'),
(178, 26, 'https://img.tgdd.vn/imgt/f_webp,fit_outside,quality_100/https://cdn.tgdd.vn/Products/Images/86/251787/s16/1-650x650.png'),
(179, 26, 'https://img.tgdd.vn/imgt/f_webp,fit_outside,quality_100/https://cdn.tgdd.vn/Products/Images/86/251787/s16/chuot-bluetooth-apple-mk2e3-trang-1-650x650.jpg'),
(180, 26, 'https://img.tgdd.vn/imgt/f_webp,fit_outside,quality_100/https://cdn.tgdd.vn/Products/Images/86/251787/s16/chuot-bluetooth-apple-mk2e3-trang-2-650x650.jpg'),
(181, 26, 'https://img.tgdd.vn/imgt/f_webp,fit_outside,quality_100/https://cdn.tgdd.vn/Products/Images/86/251787/s16/chuot-bluetooth-apple-mk2e3-trang-3-650x650.jpg'),
(182, 26, 'https://img.tgdd.vn/imgt/f_webp,fit_outside,quality_100/https://cdn.tgdd.vn/Products/Images/86/251787/s16/chuot-bluetooth-apple-mk2e3-trang-4-650x650.jpg'),
(183, 27, 'https://img.tgdd.vn/imgt/f_webp,fit_outside,quality_100/https://cdn.tgdd.vn/Products/Images/7923/251694/s16/bao-da-macbook-pro-13-inch-apple-mrql2-thumb-2-650x650.png'),
(184, 27, 'https://img.tgdd.vn/imgt/f_webp,fit_outside,quality_100/https://cdn.tgdd.vn/Products/Images/7923/251694/s16/4-650x650.jpeg'),
(185, 27, 'https://img.tgdd.vn/imgt/f_webp,fit_outside,quality_100/https://cdn.tgdd.vn/Products/Images/7923/251694/s16/3-650x650.jpeg'),
(186, 27, 'https://img.tgdd.vn/imgt/f_webp,fit_outside,quality_100/https://cdn.tgdd.vn/Products/Images/7923/251694/s16/2-650x650.jpeg'),
(187, 27, 'https://img.tgdd.vn/imgt/f_webp,fit_outside,quality_100/https://cdn.tgdd.vn/Products/Images/7923/251694/s16/1-650x650.jpeg'),
(188, 28, 'https://img.tgdd.vn/imgt/f_webp,fit_outside,quality_100/https://cdn.tgdd.vn/Products/Images/9499/284275/s16/adapter-sac-apple-type-c-35w-thumb-1-650x650.png'),
(189, 28, 'https://img.tgdd.vn/imgt/f_webp,fit_outside,quality_100/https://cdn.tgdd.vn/Products/Images/9499/284275/s16/adapter-sac-apple-type-c-35w-2-3-650x650.jpg'),
(190, 28, 'https://img.tgdd.vn/imgt/f_webp,fit_outside,quality_100/https://cdn.tgdd.vn/Products/Images/9499/284275/s16/adapter-sac-apple-type-c-35w-3-650x650.jpg');

-- --------------------------------------------------------

--
-- Table structure for table `orderdetail`
--

CREATE TABLE `orderdetail` (
  `id_order` int(32) NOT NULL,
  `id_product` int(32) NOT NULL,
  `productName` varchar(255) NOT NULL,
  `quantity` int(255) NOT NULL,
  `unitCost` double DEFAULT NULL,
  `subtotal` double DEFAULT NULL
) ENGINE=InnoDB DEFAULT CHARSET=utf8mb4 COLLATE=utf8mb4_general_ci;

-- --------------------------------------------------------

--
-- Table structure for table `orders`
--

CREATE TABLE `orders` (
  `id_order` int(32) NOT NULL,
  `dateCreate` date NOT NULL,
  `status` varchar(255) NOT NULL,
  `id_user` int(20) NOT NULL
) ENGINE=InnoDB DEFAULT CHARSET=utf8mb4 COLLATE=utf8mb4_general_ci;

-- --------------------------------------------------------

--
-- Table structure for table `ordertemp`
--

CREATE TABLE `ordertemp` (
  `id` int(32) NOT NULL,
  `id_product` int(32) NOT NULL
) ENGINE=InnoDB DEFAULT CHARSET=utf8mb4 COLLATE=utf8mb4_general_ci;

-- --------------------------------------------------------

--
-- Table structure for table `product`
--

CREATE TABLE `product` (
  `id_product` int(32) NOT NULL,
  `id_catalog` int(32) NOT NULL,
  `productName` varchar(64) NOT NULL,
  `productOption` varchar(64) NOT NULL,
  `price` decimal(15,1) NOT NULL DEFAULT 0.0,
  `discount` int(10) DEFAULT NULL,
  `image_link` varchar(2000) CHARACTER SET utf8 COLLATE utf8_bin NOT NULL,
  `content` text CHARACTER SET utf8 COLLATE utf8_unicode_ci NOT NULL
) ENGINE=InnoDB DEFAULT CHARSET=utf8 COLLATE=utf8_general_ci;

--
-- Dumping data for table `product`
--

INSERT INTO `product` (`id_product`, `id_catalog`, `productName`, `productOption`, `price`, `discount`, `image_link`, `content`) VALUES
(3, 1, 'MacBook Pro 16 inch M2 Pro 2023', 'RAM 16 GB - SSD 512 GB', '65990000.0', 1, 'https://img.tgdd.vn/imgt/f_webp,fit_outside,quality_100/https://cdn.tgdd.vn/Products/Images/44/302149/s16/macbook-pro-16-inch-m2-pro-thumb-xam-650x650.png', 'MacBook Pro 16 inch vi chip M2 Pro v M2 Max a sc mnh v tc  ln mt tm cao mi, d ang c cm sc hay chy bng pin. Vi mn hnh Liquid Retina XDR tuyt p, tt c cc cng kt ni bn cn v thi lng pin dng c ngy, 1 chic my tnh xch tay chuyn nghip ny s ng hnh cng bn  bt c ni u.'),
(4, 1, 'MacBook Pro 14 inch M2 Pro 2023', 'RAM 16 GB - SSD 512 GB', '52990000.0', 1, 'https://img.tgdd.vn/imgt/f_webp,fit_outside,quality_100/https://cdn.tgdd.vn/Products/Images/44/302146/s16/macbook-pro-14-inch-m2-pro-thumb-xam-1-650x650.png', 'MacBook Pro 14 inch vi chip M2 Pro v M2 Max a sc mnh v tc  ln mt tm cao mi, d ang c cm sc hay chy bng pin. Vi mn hnh Liquid Retina XDR tuyt p, tt c cc cng kt ni bn cn v thi lng pin dng c ngy, 1chic my tnh xch tay chuyn nghip ny s ng hnh cng bn  bt c ni u.'),
(5, 1, 'MacBook Air M2 2022 10-core GPU', 'RAM 16 GB - SSD 512 GB', '46990000.0', 1, 'https://img.tgdd.vn/imgt/f_webp,fit_outside,quality_100/https://cdn.tgdd.vn/Products/Images/44/289441/s16/apple-macbook-air-m2-2022-16gb-va%CC%80ng-650x650.png', 'Siu mnh m vi chip M2 th h tip theo, MacBook Air c thit k mi, kt hp gia hiu nng ng kinh ngc v thi lng pin ln n 18 gi trong v nhm mng n tng.1'),
(6, 1, 'MacBook Air M2 2022 10-core GPU', 'RAM 8 GB - SSD 512 GB', '39990000.0', 1, 'https://img.tgdd.vn/imgt/f_webp,fit_outside,quality_100/https://cdn.tgdd.vn/Products/Images/44/289441/s16/apple-macbook-air-m2-2022-16gb-va%CC%80ng-650x650.png', 'Siu mnh m vi chip M2 th h tip theo, MacBook Air c thit k mi, kt hp gia hiu nng ng kinh ngc v thi lng pin ln n 18 gi trong v nhm mng n tng.1'),
(7, 1, 'MacBook Air M2 2022 8-core GPU', 'RAM 8 GB - SSD 256 GB', '32990000.0', 1, 'https://img.tgdd.vn/imgt/f_webp,fit_outside,quality_100/https://cdn.tgdd.vn/Products/Images/44/289441/s16/apple-macbook-air-m2-2022-16gb-va%CC%80ng-650x650.png', 'Siu mnh m vi chip M2 th h tip theo, MacBook Air c thit k mi, kt hp gia hiu nng ng kinh ngc v thi lng pin ln n 18 gi trong v nhm mng n tng'),
(8, 1, 'MacBook Pro 13 inch M2 2022', 'RAM 8 GB - SSD 256 GB', '35990000.0', 1, 'https://img.tgdd.vn/imgt/f_webp,fit_outside,quality_100/https://cdn.tgdd.vn/Products/Images/44/282828/s16/apple-pro-m2-2022-bac-650x650.png', ' Chip M2 vi CPU, GPU v hiu nng my hc th h tip theo\r\n\r\n CPU 8 li v GPU 10 li tc  cao  m ng nhng lung cng vic cng  nng\r\n\r\n Neural Engine 16 li cho cc tc v s dng cng ngh my hc tin tin \r\n\r\n B nh thng nht ln n 24GB gip bn lm mi th u tri chy\r\n\r\n Nhanh hn 43 phn trm khi hp nht cc hnh nh thnh mt bc tranh ton cnh2\r\n\r\n Tc  chi game nhanh hn ti 39%2\r\n\r\n H thng tn nhit ch ng mang li hiu nng tuyt vi\r\n\r\n Hot ng bn b c ngy di vi thi lng pin ln n 20 gi1\r\n\r\n Mn hnh Retina 13.3 inch vi  sng 500 nit v di mu rng P3, cho hnh nh sng ng v chi tit n tng3\r\n\r\n Camera FaceTime HD vi b x l tn hiu hnh nh tin tin  bn trng p hn trong cc cuc gi video\r\n\r\n Ba micr phi hp cht lng chun studio thu ging ni ca bn r hn\r\n\r\n Kt ni khng dy nhanh vi Wi-Fi 6\r\n\r\n Hai cng Thunderbolt  sc v kt ni ph kin\r\n\r\n Bn phm Magic Keyboard c n nn vi Touch Bar v Touch ID, gip m kha v thanh ton an ton hn\r\n\r\n  lu tr SSD siu nhanh gip m cc ng dng v tp tin ch trong tch tc \r\n\r\n macOS Monterey cho php bn kt ni, chia s v sng to theo cch cha tng c, gia tt c cc thit b Apple ca bn\r\n\r\n Hin c mu xm bc v bc '),
(9, 1, 'MacBook Pro 13 inch M2 2022', 'RAM 8 GB - SSD 512 GB', '41990000.0', 1, 'https://img.tgdd.vn/imgt/f_webp,fit_outside,quality_100/https://cdn.tgdd.vn/Products/Images/44/282885/s16/apple-pro-m2-2022-10-core-gpu-xam-650x650.png', ' Chip M2 vi CPU, GPU v hiu nng my hc th h tip theo\r\n\r\n CPU 8 li v GPU 10 li tc  cao  m ng nhng lung cng vic cng  nng\r\n\r\n Neural Engine 16 li cho cc tc v s dng cng ngh my hc tin tin \r\n\r\n B nh thng nht ln n 24GB gip bn lm mi th u tri chy\r\n\r\n Nhanh hn 43 phn trm khi hp nht cc hnh nh thnh mt bc tranh ton cnh2\r\n\r\n Tc  chi game nhanh hn ti 39%2\r\n\r\n H thng tn nhit ch ng mang li hiu nng tuyt vi\r\n\r\n Hot ng bn b c ngy di vi thi lng pin ln n 20 gi1\r\n\r\n Mn hnh Retina 13.3 inch vi  sng 500 nit v di mu rng P3, cho hnh nh sng ng v chi tit n tng3\r\n\r\n Camera FaceTime HD vi b x l tn hiu hnh nh tin tin  bn trng p hn trong cc cuc gi video\r\n\r\n Ba micr phi hp cht lng chun studio thu ging ni ca bn r hn\r\n\r\n Kt ni khng dy nhanh vi Wi-Fi 6\r\n\r\n Hai cng Thunderbolt  sc v kt ni ph kin\r\n\r\n Bn phm Magic Keyboard c n nn vi Touch Bar v Touch ID, gip m kha v thanh ton an ton hn\r\n\r\n  lu tr SSD siu nhanh gip m cc ng dng v tp tin ch trong tch tc \r\n\r\n macOS Monterey cho php bn kt ni, chia s v sng to theo cch cha tng c, gia tt c cc thit b Apple ca bn\r\n\r\n Hin c mu xm bc v bc '),
(10, 1, 'MacBook Pro 13 inch M2 2022', 'RAM 16 GB - SSD 512 GB', '38890000.0', 1, 'https://img.tgdd.vn/imgt/f_webp,fit_outside,quality_100/https://cdn.tgdd.vn/Products/Images/44/283464/s16/apple-macbook-pro-m2-2022-16gb-xa%CC%81m-650x650.png', ' Chip M2 vi CPU, GPU v hiu nng my hc th h tip theo\r\n\r\n CPU 8 li v GPU 10 li tc  cao  m ng nhng lung cng vic cng  nng\r\n\r\n Neural Engine 16 li cho cc tc v s dng cng ngh my hc tin tin \r\n\r\n B nh thng nht ln n 24GB gip bn lm mi th u tri chy\r\n\r\n Nhanh hn 43 phn trm khi hp nht cc hnh nh thnh mt bc tranh ton cnh2\r\n\r\n Tc  chi game nhanh hn ti 39%2\r\n\r\n H thng tn nhit ch ng mang li hiu nng tuyt vi\r\n\r\n Hot ng bn b c ngy di vi thi lng pin ln n 20 gi1\r\n\r\n Mn hnh Retina 13.3 inch vi  sng 500 nit v di mu rng P3, cho hnh nh sng ng v chi tit n tng3\r\n\r\n Camera FaceTime HD vi b x l tn hiu hnh nh tin tin  bn trng p hn trong cc cuc gi video\r\n\r\n Ba micr phi hp cht lng chun studio thu ging ni ca bn r hn\r\n\r\n Kt ni khng dy nhanh vi Wi-Fi 6\r\n\r\n Hai cng Thunderbolt  sc v kt ni ph kin\r\n\r\n Bn phm Magic Keyboard c n nn vi Touch Bar v Touch ID, gip m kha v thanh ton an ton hn\r\n\r\n  lu tr SSD siu nhanh gip m cc ng dng v tp tin ch trong tch tc \r\n\r\n macOS Monterey cho php bn kt ni, chia s v sng to theo cch cha tng c, gia tt c cc thit b Apple ca bn\r\n\r\n Hin c mu xm bc v bc '),
(11, 1, 'MacBook Air M1 2020 8-Core GPU', 'RAM 16 GB - SSD 512 GB', '31390000.0', 1, 'https://img.tgdd.vn/imgt/f_webp,fit_outside,quality_100/https://cdn.tgdd.vn/Products/Images/44/264420/s16/macbook-air-m1-2020-8-core-gpu-gold-thumb-650x650.png', 'My tnh xch tay mng v nh nht ca Apple, nay siu mnh m vi chip Apple M1. X l cng vic gip bn vi CPU 8 li nhanh nh chp. a cc ng dng v game c  ha khng ln mt tm cao mi vi GPU 8 li. ng thi, tng tc cc tc v my hc vi Neural Engine 16 li. Tt c gi gn trong mt thit k khng qut, khng ting n, thi lng pin di nht t trc n nay ln n 18 gi.1 MacBook Air. Vn cc k c ng. M mnh m hn nhiu.'),
(12, 1, 'MacBook Pro 16 inch M1 Pro 2021', 'RAM 16 GB - SSD 1 TB', '53790000.0', 1, 'https://img.tgdd.vn/imgt/f_webp,fit_outside,quality_100/https://cdn.tgdd.vn/Products/Images/44/253706/s16/macbook-pro-16-m1-pro-2021-bac-650x650.png', ' Chip M1 Max hoc M1 Pro do Apple thit k to ra mt c nhy vt v hiu nng my hc, CPU v GPU\r\n\r\n CPU ln n 10 li cho hiu nng nhanh hn n 2x, x l cc lung cng vic chuyn nghip nhanh hn bao gi ht3\r\n\r\n GPU ln n 32 li vi tc  x l  ha nhanh hn n 4x cho cc ng dng v game c  ha khng3\r\n\r\n Neural Engine 16 li cho hiu nng my hc nhanh hn n 5x3\r\n\r\n Thi lng pin lu hn, ln n 21 gi1\r\n\r\n B nh thng nht ln n 64GB gip bn lm vic g cng nhanh chng v tri chy\r\n\r\n  lu tr SSD siu nhanh ln n 8TB gip m cc ng dng v tp tin ch trong tch tc\r\n\r\n Mn hnh Liquid Retina XDR 16 inch sc nt vi Extreme Dynamic Range v t l tng phn cc cao2\r\n\r\n Camera FaceTime HD 1080p vi b x l tn hiu hnh nh tin tin cho cc cuc gi video sc nt hn\r\n\r\n H thng m thanh 6 loa vi loa trm kh lc\r\n\r\n Ba micro phi hp chun studio thu ging ni ca bn r hn\r\n\r\n Ba cng Thunderbolt 4, cng HDMI, khe th nh SDXC, jack cm tai nghe, cng MagSafe 3\r\n\r\n Wi-Fi 6 th h mi gip kt ni nhanh hn\r\n\r\n Bn phm Magic Keyboard c n nn v Touch ID gip m kha v thanh ton an ton hn macOS Monterey cho php bn kt ni, chia s v sng to hn bao gi ht, vi cc bn cp nht FaceTime mi y th v v Safari  c thit k li\r\n\r\n Hin c mu xm bc v bc'),
(13, 1, 'MacBook Pro 14 inch M1 Pro 2021', 'RAM 16 GB - SSD 1 TB', '49790000.0', 1, 'https://img.tgdd.vn/imgt/f_webp,fit_outside,quality_100/https://cdn.tgdd.vn/Products/Images/44/253703/s16/apple-macbook-pro-14-m1-pro-2021-xam-thumb-650x650.png', ' Chip M1 Max hoc M1 Pro do Apple thit k to ra mt c nhy vt v hiu nng my hc, CPU v GPU\r\n\r\n CPU ln n 10 li cho hiu nng nhanh hn n 3.7x, x l cc lung cng vic chuyn nghip nhanh hn bao gi ht3\r\n\r\n GPU ln n 32 li vi tc  x l  ha nhanh hn n 13x cho cc ng dng v game c  ha khng3\r\n\r\n Neural Engine 16 li cho hiu nng my hc nhanh hn n 11x3\r\n\r\n Thi lng pin lu hn, ln n 17 gi1\r\n\r\n B nh thng nht ln n 64GB gip bn lm vic g cng nhanh chng v tri chy\r\n\r\n  lu tr SSD siu nhanh ln n 8TB gip m cc ng dng v tp tin ch trong tch tc\r\n\r\n Mn hnh Liquid Retina XDR 14 inch sc nt vi Extreme Dynamic Range v t l tng phn cc cao2\r\n\r\n Camera FaceTime HD 1080p vi b x l tn hiu hnh nh tin tin cho cc cuc gi video sc nt hn\r\n\r\n H thng m thanh 6 loa vi loa trm kh lc\r\n\r\n Ba micro phi hp chun studio thu ging ni ca bn r hn\r\n\r\n Ba cng Thunderbolt 4, cng HDMI, khe th nh SDXC, jack cm tai nghe, cng MagSafe 3\r\n\r\n Wi-Fi 6 th h mi gip kt ni nhanh hn\r\n\r\n Bn phm Magic Keyboard c n nn v Touch ID gip m kha v thanh ton an ton hn macOS Monterey cho php bn kt ni, chia s v sng to hn bao gi ht, vi cc bn cp nht FaceTime mi y th v v Safari  c thit k li\r\n\r\n Hin c mu xm bc v bc'),
(14, 1, 'MacBook Pro 16 inch M1 Pro 2021', 'RAM 16 GB - SSD 512 GB', '49790000.0', 1, 'https://img.tgdd.vn/imgt/f_webp,fit_outside,quality_100/https://cdn.tgdd.vn/Products/Images/44/253636/s16/macbook-pro-16-m1-pro-2021-bac-650x650.png', ' Chip M1 Max hoc M1 Pro do Apple thit k to ra mt c nhy vt v hiu nng my hc, CPU v GPU\r\n\r\n CPU ln n 10 li cho hiu nng nhanh hn n 2x, x l cc lung cng vic chuyn nghip nhanh hn bao gi ht3\r\n\r\n GPU ln n 32 li vi tc  x l  ha nhanh hn n 4x cho cc ng dng v game c  ha khng3\r\n\r\n Neural Engine 16 li cho hiu nng my hc nhanh hn n 5x3\r\n\r\n Thi lng pin lu hn, ln n 21 gi1\r\n\r\n B nh thng nht ln n 64GB gip bn lm vic g cng nhanh chng v tri chy\r\n\r\n  lu tr SSD siu nhanh ln n 8TB gip m cc ng dng v tp tin ch trong tch tc\r\n\r\n Mn hnh Liquid Retina XDR 16 inch sc nt vi Extreme Dynamic Range v t l tng phn cc cao2\r\n\r\n Camera FaceTime HD 1080p vi b x l tn hiu hnh nh tin tin cho cc cuc gi video sc nt hn\r\n\r\n H thng m thanh 6 loa vi loa trm kh lc\r\n\r\n Ba micro phi hp chun studio thu ging ni ca bn r hn\r\n\r\n Ba cng Thunderbolt 4, cng HDMI, khe th nh SDXC, jack cm tai nghe, cng MagSafe 3\r\n\r\n Wi-Fi 6 th h mi gip kt ni nhanh hn\r\n\r\n Bn phm Magic Keyboard c n nn v Touch ID gip m kha v thanh ton an ton hn macOS Monterey cho php bn kt ni, chia s v sng to hn bao gi ht, vi cc bn cp nht FaceTime mi y th v v Safari  c thit k li\r\n\r\n Hin c mu xm bc v bc'),
(15, 1, 'MacBook Pro 14 inch M1 Pro 2021 14-Core ', 'RAM 16 GB - SSD 512 GB', '42790000.0', 1, 'https://img.tgdd.vn/imgt/f_webp,fit_outside,quality_100/https://cdn.tgdd.vn/Products/Images/44/253581/s16/apple-macbook-pro-14-m1-pro-2021-bac-thumb-650x650.png', ' Chip M1 Max hoc M1 Pro do Apple thit k to ra mt c nhy vt v hiu nng my hc, CPU v GPU\r\n\r\n CPU ln n 10 li cho hiu nng nhanh hn n 3.7x, x l cc lung cng vic chuyn nghip nhanh hn bao gi ht3\r\n\r\n GPU ln n 32 li vi tc  x l  ha nhanh hn n 13x cho cc ng dng v game c  ha khng3\r\n\r\n Neural Engine 16 li cho hiu nng my hc nhanh hn n 11x3\r\n\r\n Thi lng pin lu hn, ln n 17 gi1\r\n\r\n B nh thng nht ln n 64GB gip bn lm vic g cng nhanh chng v tri chy\r\n\r\n  lu tr SSD siu nhanh ln n 8TB gip m cc ng dng v tp tin ch trong tch tc\r\n\r\n Mn hnh Liquid Retina XDR 14 inch sc nt vi Extreme Dynamic Range v t l tng phn cc cao2\r\n\r\n Camera FaceTime HD 1080p vi b x l tn hiu hnh nh tin tin cho cc cuc gi video sc nt hn\r\n\r\n H thng m thanh 6 loa vi loa trm kh lc\r\n\r\n Ba micro phi hp chun studio thu ging ni ca bn r hn\r\n\r\n Ba cng Thunderbolt 4, cng HDMI, khe th nh SDXC, jack cm tai nghe, cng MagSafe 3\r\n\r\n Wi-Fi 6 th h mi gip kt ni nhanh hn\r\n\r\n Bn phm Magic Keyboard c n nn v Touch ID gip m kha v thanh ton an ton hn macOS Monterey cho php bn kt ni, chia s v sng to hn bao gi ht, vi cc bn cp nht FaceTime mi y th v v Safari  c thit k li\r\n\r\n Hin c mu xm bc v bc'),
(16, 1, 'MacBook Pro 13 inch M1 2020', 'RAM 16 GB - SSD 512 GB', '36290000.0', 1, 'https://img.tgdd.vn/imgt/f_webp,fit_outside,quality_100/https://cdn.tgdd.vn/Products/Images/44/231255/s16/macbook-pro-13-spgry-m1-thumb-650x650.png', 'Chip Apple M1 nh ngha li MacBook Pro 13 inch. S hu CPU 8 li x l siu tc cc lung cng vic phc hp trong lnh vc hnh nh, m ha, bin tp video cng nhiu vic khc. GPU 8 li siu mnh x l gn cc tc v  ha khng v chy game siu mt. Neural Engine 16 li tin tin tng cng sc mnh cng ngh my hc tch hp trong cc ng dng yu thch ca bn. B nh thng nht siu nhanh cho mi hot ng mt m. V thi lng pin di nht tng c trn my Mac, ln n 20 gi.1 y chnh l chic my tnh xch tay chuyn nghip thnh hnh nht ca Apple. Hiu nng cao hn hn, pro hn hn.'),
(17, 1, 'MacBook Air M1 2020 7-Core GPU', 'RAM 8 GB - SSD 256 GB', '18590000.0', 1, 'https://img.tgdd.vn/imgt/f_webp,fit_outside,quality_100/https://cdn.tgdd.vn/Products/Images/44/231244/s16/macbook-air-m1-2020-spacegray-thumb-650x650.png', 'My tnh xch tay mng v nh nht ca Apple, nay siu mnh m vi chip Apple M1. X l cng vic gip bn vi CPU 8 li nhanh nh chp. a cc ng dng v game c  ha khng ln mt tm cao mi vi GPU 8 li. ng thi, tng tc cc tc v my hc vi Neural Engine 16 li. Tt c gi gn trong mt thit k khng qut, khng ting n, thi lng pin di nht t trc n nay ln n 18 gi.1 MacBook Air. Vn cc k c ng. M mnh m hn nhiu.'),
(18, 1, 'MacBook Air M1 2020 7-Core GPU', 'RAM 16 GB - SSD 256 GB', '25790000.0', 1, 'https://img.tgdd.vn/imgt/f_webp,fit_outside,quality_100/https://cdn.tgdd.vn/Products/Images/44/239552/s16/macbook-air-m1-2020-gold-thumb-650x650.png', 'My tnh xch tay mng v nh nht ca Apple, nay siu mnh m vi chip Apple M1. X l cng vic gip bn vi CPU 8 li nhanh nh chp. a cc ng dng v game c  ha khng ln mt tm cao mi vi GPU 8 li. ng thi, tng tc cc tc v my hc vi Neural Engine 16 li. Tt c gi gn trong mt thit k khng qut, khng ting n, thi lng pin di nht t trc n nay ln n 18 gi.1 MacBook Air. Vn cc k c ng. M mnh m hn nhiu.'),
(19, 2, 'AirPods 3 sc Lightning', 'Mu: Trng', '4490000.0', 1, 'https://img.tgdd.vn/imgt/f_webp,fit_outside,quality_100/https://cdn.tgdd.vn/Products/Images/54/290053/s16/airpods-3-hop-sac-khong-day-thumb-650x650.png', ' Ch  m thanh khng gian vi tnh nng theo di chuyn ng ca u a m thanh n quanh bn1.\r\n\r\n EQ thch ng s t ng iu chnh nhc hng vo tai bn.\r\n\r\n Thit k c ng vin hon ton mi.\r\n\r\n Cm bin lc gip bn d dng iu khin chng trnh gii tr, tr li hoc kt thc cuc gi, v thc hin nhiu tc v khc.\r\n\r\n Chng m hi v chng nc3.\r\n\r\n Thi gian nghe ln n 6 gi vi mt ln sc2.\r\n\r\n Tng thi gian nghe ln n 30 gi vi Hp Sc2.\r\n\r\n Thit lp d dng, c kh nng nhn bit khi eo, v t ng chuyn i  mang li tri nghim tuyt vi4.\r\n\r\n D dng chia s m thanh gia hai b AirPods trn iPhone, iPad, iPod touch hoc Apple TV.'),
(20, 2, 'AirPods Pro (2nd Gen)', 'Mu: Trng', '6490000.0', 1, 'https://img.tgdd.vn/imgt/f_webp,fit_outside,quality_100/https://cdn.tgdd.vn/Products/Images/54/289781/s16/airpods-pro-2-thumb-650x650.png', ' Tnh nng Ch ng Kh Ting n lm gim ting n khng mong mun xung quanh.\r\n\r\n Xuyn m Thch ng cho php m thanh bn ngoi i vo trong khi lm gim i nhng ting n ln t mi trng.\r\n\r\n Ch  m Thanh Khng Gian C Nhn Ha vi tnh nng theo di u ch ng a m thanh n quanh bn2.\r\n\r\n Nhiu kch c u tai nghe (XS, S, M, L).\r\n\r\n Vi kh nng iu khin bng thao tc chm, bn c th vut  iu chnh m lng, nhn  ra lnh pht nhc, tr li hoc kt thc cuc gi, cng nh n gi  chuyn i gia cc ch  nghe.\r\n\r\n AirPods Pro v hp sc c kh nng chng m hi v chng nc4.\r\n\r\n Hp Sc MagSafe c loa v dy eo.\r\n\r\n Thi gian nghe ln n 6 gi vi cng ngh Ch ng Kh Ting n3.\r\n\r\n Tng thi gian nghe ln n 30 gi vi Hp Sc MagSafe v khi bt Ch ng Kh Ting n3.\r\n\r\n D thit lp, pht hin trong tai v t ng chuyn i gia cc thit b5.\r\n\r\n D dng chia s m thanh gia hai b AirPods trn iPhone, iPad, iPod touch hoc Apple TV6.\r\n\r\n ng dng Tm c ch  xem ln cn cho AirPods Pro v Tm Chnh Xc cho hp sc7.'),
(21, 2, 'AirPods Pro Hp sc MagSafe', 'Mu: Trng', '4990000.0', 1, 'https://img.tgdd.vn/imgt/f_webp,fit_outside,quality_100/https://cdn.tgdd.vn/Products/Images/54/253802/s16/bluetooth-airpods-pro-magsafe-charge-apple-mlwk3-261121-033421-650x650.png', 'Tnh nng Ch ng Kh Ting n gip ngn chn cc m thanh bn ngoi lt vo tai  bn c th m chm vo m nhc.\r\n\r\n Ch  Xuyn m gip bn nghe v tng tc vi th gii xung quanh.\r\n\r\n Ch  m thanh khng gian vi tnh nng theo di chuyn ng ca u a m thanh n quanh bn2.\r\n\r\n EQ thch ng s t ng iu chnh nhc hng vo tai bn.\r\n\r\n u silicon mm mi vi ba kch c khc nhau to s thoi mi v m kht.\r\n\r\n Cm bin lc gip bn d dng iu khin chng trnh gii tr, tr li hoc kt thc cuc gi, v thc hin nhiu tc v khc.\r\n\r\n AirPods chng m hi v chng nc1.\r\n\r\n Tng thi gian nghe hn 24 gi vi Hp Sc MagSafe3.\r\n\r\n Thit lp d dng, c kh nng nhn bit khi eo, v t ng chuyn i  mang li tri nghim tuyt vi4.\r\n\r\n D dng chia s m thanh gia hai b AirPods trn iPhone, iPad, iPod touch hoc Apple TV.'),
(22, 2, 'AirPods Max', 'Mu: Hng', '12490000.0', 1, 'https://img.tgdd.vn/imgt/f_webp,fit_outside,quality_100/https://cdn.tgdd.vn/Products/Images/54/236331/s16/airpods-max-select-hong-thumb-650x650.png', ' Driver loa in ng do Apple thit k cho m thanh c  trung thc cao.\r\n\r\n Tnh nng Ch ng Kh Ting n gip ngn chn cc m thanh bn ngoi lt vo tai  bn c th m chm vo m nhc.\r\n\r\n Ch  Xuyn m gip bn nghe v tng tc vi th gii xung quanh.\r\n\r\n Ch  m thanh khng gian vi tnh nng theo di chuyn ng ca u em n m thanh vm ging nh bn ang  trong rp ht.1\r\n\r\n m thanh in ton kt hp thit k m ty chnh vi phn mm v chip Apple H1 to ra tri nghim nghe t ph.\r\n\r\n Gng eo c li an thong kh v m tai bng foam hot tnh va vn l thng.\r\n\r\n Tri nghim tuyt vi, thit lp d dng, tnh nng nhn bit khi eo v chuyn i mt m gia cc thit b.2\r\n\r\n D dng chia s m thanh gia hai b AirPods trn iPhone, iPad, iPod touch hoc Apple TV.\r\n\r\n Thi gian nghe nhc, xem video hoc m thoi 20 gi khi bt tnh nng Ch ng Kh Ting n v m thanh khng gian.3\r\n\r\n Bo qun thit b  ch  pin cc thp vi Smart Case mng nh.\r\n\r\n Hin c mu bc, xm bc, xanh da tri, xanh l v hng.'),
(23, 2, 'Micro c dy Shure MV88+ Video Kit ', 'Km chn', '8450000.0', 1, 'https://img.tgdd.vn/imgt/f_webp,fit_outside,quality_100/https://cdn.tgdd.vn/Products/Images/12498/304963/s16/micro-co-day-shure-mv88-video-kit-thumb-1-650x650.png', 'Thng hiu Shure khng lm ngi dng tht vng khi ra mt sn phm micro c dy Shure MV88+ Video Kit vi thit k kh gn nh, mu sc sang trng, d dng lp ghp  to thnh b mic thu m hon ho, ng thi cng c th nhanh chng gp gn  mang theo, ng hnh cng bn trong mi chuyn i.\r\nSo vi nhng sn phm tin nhim th micro Shure mang li gii php m thanh tt hn nh trang b y  ph kin bao gm: Mt Video Kit, chn tripod Manfrotto Pixi, kp in thoi a nng, chn cm Lightning & USB-C. \r\nNgoi ra, micro cn trang b thm mch headphone amplifier vi l cm 3.5 mm  cm tai nghe vo, monitor v theo di cht lng m thanh tt hn khi quay mt cch trc tip.'),
(24, 2, 'Magic Keyboard vi phm s', 'Touch ID v Phm s', '3490000.0', 1, 'https://img.tgdd.vn/imgt/f_webp,fit_outside,quality_100/https://cdn.tgdd.vn/Products/Images/1882/251884/s16/1-650x650.png', 'Magic Keyboard nay c Touch ID, gip xc thc nhanh chng, d dng v bo mt mi ln ng nhp v mua hng.\r\n\r\nMagic Keyboard vi Touch ID v Numeric Keypad em li tri nghim g phm thoi mi v chnh xc n tng. Bn phm c bit c cch b tr m rng, vi cc nt iu khin iu hng ti liu  ko nhanh v cc phm mi tn kch thc chun, cc k ph hp  chi game. Numeric Keypad cng rt hu dng khi thc hin cc bng tnh v s dng nhng ng dng ti chnh. Bn phm cn c th kt ni khng dy v sc li c, vi thi lng pin di v bn phm hot ng trong mt thng hoc lu hn sau mi ln sc.1 Bn phm t ng kt ni vi Mac,  bn c th lm vic ngay lp tc. Ngoi ra, bn phm cn c cp bn chuyn i t USB-C sang Lightning  bn kt ni vi cng USB-C trn Mac  sc.'),
(25, 2, 'Magic Keyboard', 'Thng', '2230000.0', 1, 'https://img.tgdd.vn/imgt/f_webp,fit_outside,quality_100/https://cdn.tgdd.vn/Products/Images/1882/251881/s16/magic-keyboard-thumb-650x650.png', 'Magic Keyboard em li tri nghim g phm thoi mi v chnh xc n tng. Bn phm cn c th kt ni khng dy v sc li c, vi thi lng pin di v bn phm hot ng trong mt thng hoc lu hn sau mi ln sc.1 Bn phm t ng kt ni vi Mac,  bn c th lm vic ngay lp tc. Ngoi ra, bn phm cn c cp bn chuyn i t USB-C sang Lightning  bn kt ni vi cng USB-C trn Mac  sc.'),
(26, 2, 'Magic Mouse', 'Mu: Trng', '1990000.0', 1, 'https://img.tgdd.vn/imgt/f_webp,fit_outside,quality_100/https://cdn.tgdd.vn/Products/Images/86/251787/s16/1-650x650.png', 'Magic Mouse c th kt ni khng dy v sc li c, vi phn  c thit k ti u gip di chuyn d dng trn mt bn. B mt Multi-Touch cho php bn thc hin cc thao tc n gin nh vut gia cc trang web v cun qua li gia cc ti liu.\r\n\r\nThi lng pin di n tng gip Magic Mouse hot ng trong khong thi gian mt thng hoc lu hn sau mi ln sc. Bn c th s dng ngay khi va khui khi hp v chut s t ng kt ni vi Mac. Magic Mouse c cp bn chuyn i t USB-C sang Lightning  bn kt ni vi cng USB-C trn Mac  sc.'),
(27, 2, 'Bao da MacBook Pro 13 inch', 'Mu: Xanh Navy', '4120000.0', 1, 'https://img.tgdd.vn/imgt/f_webp,fit_outside,quality_100/https://cdn.tgdd.vn/Products/Images/7923/251694/s16/bao-da-macbook-pro-13-inch-apple-mrql2-thumb-2-650x650.png', 'c sn xut bi Apple, bao da Macbook Pro 13 inch ny c sn xut th cng t cht liu da cao cp n t Chu u. Bao da c trang b mt lp lt lm t si siu mng cc k mm mi gip bo v tt cho MacBook Air hoc MacBook Pro ca bn  bt c ni u.'),
(28, 2, 'Adapter sc Apple 2 cng USB-C 35W', 'Mu: Trng', '1180000.0', 1, 'https://img.tgdd.vn/imgt/f_webp,fit_outside,quality_100/https://cdn.tgdd.vn/Products/Images/9499/284275/s16/adapter-sac-apple-type-c-35w-thumb-1-650x650.png', 'Adapter sc Apple Type C 35W cho php bn sc hai thit b cng mt lc, cho d bn ang  nh,  vn phng hay ang di chuyn. Kch thc nh gn gip bn d dng ng gi v ct gi. Apple khuyn bn nn s dng n vi MacBook Air. Bn cng c th s dng n vi iPhone, iPad, Apple Watch v AirPods.');

-- --------------------------------------------------------

--
-- Table structure for table `repair`
--

CREATE TABLE `repair` (
  `id_repair` int(32) NOT NULL,
  `id_product` int(32) NOT NULL,
  `repair_type` varchar(32) NOT NULL,
  `price` decimal(15,1) NOT NULL DEFAULT 0.0
) ENGINE=InnoDB DEFAULT CHARSET=utf8mb4 COLLATE=utf8mb4_general_ci;

--
-- Dumping data for table `repair`
--

INSERT INTO `repair` (`id_repair`, `id_product`, `repair_type`, `price`) VALUES
(1, 3, 'Pin', '6000000.0'),
(2, 4, 'Pin', '6000000.0'),
(3, 5, 'Pin', '5400000.0'),
(4, 6, 'Pin', '5400000.0'),
(5, 7, 'Pin', '5400000.0'),
(6, 8, 'Pin', '5500000.0'),
(7, 11, 'Pin', '5000000.0'),
(8, 12, 'Pin', '5800000.0'),
(9, 17, 'Pin', '5700000.0'),
(10, 16, 'Pin', '4600000.0'),
(11, 8, 'Mn hnh', '10000000.0'),
(12, 14, 'Mn hnh', '20000000.0'),
(13, 16, 'Mn hnh', '13200000.0'),
(14, 3, 'Bn phm', '9800000.0'),
(15, 5, 'Bn phm', '8900000.0'),
(16, 8, 'Bn phm', '12000000.0'),
(17, 13, 'Bn phm', '8900000.0');

-- --------------------------------------------------------

--
-- Table structure for table `user`
--

CREATE TABLE `user` (
  `id_user` int(20) NOT NULL,
  `username` varchar(255) NOT NULL,
  `password` varchar(20) NOT NULL,
  `phone` varchar(32) DEFAULT NULL,
  `address` varchar(32) DEFAULT NULL,
  `name` varchar(32) NOT NULL
) ENGINE=InnoDB DEFAULT CHARSET=utf8mb4 COLLATE=utf8mb4_general_ci;

--
-- Dumping data for table `user`
--

INSERT INTO `user` (`id_user`, `username`, `password`, `phone`, `address`, `name`) VALUES
(1, 'Hoanghuy', '061199', '0999999888', 'VietNam', 'Hong Huy'),
(2, 'b1702724', '061199', '0222888999', 'DongLao', 'Tn Thnh'),
(3, 'haiduong', '999999', '0988877665', 'CaMau', 'Quc Thanh'),
(4, 'khacduy', '999999', '0234445334', '102C9 Nguyen Hong Street Hanoi', 'Tun Kit'),
(5, 'truonggiang', '999999', '08. 62554155', 'C13/8 ap 3, xa Tan Quy Tay Binh', 'Ph Thnh'),
(28, '', '', '', '', ''),
(29, 'Hong Huy', '0369859916', '0369859916', 'Tm Vu', ''),
(30, 'taothao', '2311231231', '2311231231', 'khongbiet', 'taothao');

--
-- Indexes for dumped tables
--

--
-- Indexes for table `admin`
--
ALTER TABLE `admin`
  ADD PRIMARY KEY (`id_admin`);

--
-- Indexes for table `catalog`
--
ALTER TABLE `catalog`
  ADD PRIMARY KEY (`id_catalog`);

--
-- Indexes for table `img_info`
--
ALTER TABLE `img_info`
  ADD PRIMARY KEY (`id_info`),
  ADD KEY `fk_img_info_id_product` (`id_product`);

--
-- Indexes for table `img_list`
--
ALTER TABLE `img_list`
  ADD PRIMARY KEY (`id_img`),
  ADD KEY `fk_img_list_id_product` (`id_product`);

--
-- Indexes for table `orderdetail`
--
ALTER TABLE `orderdetail`
  ADD PRIMARY KEY (`id_order`,`id_product`),
  ADD KEY `fk_orderdetail_product` (`id_product`);

--
-- Indexes for table `orders`
--
ALTER TABLE `orders`
  ADD PRIMARY KEY (`id_order`),
  ADD KEY `id_user_fk` (`id_user`);

--
-- Indexes for table `ordertemp`
--
ALTER TABLE `ordertemp`
  ADD PRIMARY KEY (`id`),
  ADD KEY `id_product` (`id_product`);

--
-- Indexes for table `product`
--
ALTER TABLE `product`
  ADD PRIMARY KEY (`id_product`),
  ADD KEY `product_catalog_fk` (`id_catalog`);

--
-- Indexes for table `repair`
--
ALTER TABLE `repair`
  ADD PRIMARY KEY (`id_repair`),
  ADD KEY `id_product` (`id_product`);

--
-- Indexes for table `user`
--
ALTER TABLE `user`
  ADD PRIMARY KEY (`id_user`);

--
-- AUTO_INCREMENT for dumped tables
--

--
-- AUTO_INCREMENT for table `catalog`
--
ALTER TABLE `catalog`
  MODIFY `id_catalog` int(32) NOT NULL AUTO_INCREMENT, AUTO_INCREMENT=3;

--
-- AUTO_INCREMENT for table `img_info`
--
ALTER TABLE `img_info`
  MODIFY `id_info` int(32) NOT NULL AUTO_INCREMENT, AUTO_INCREMENT=119;

--
-- AUTO_INCREMENT for table `img_list`
--
ALTER TABLE `img_list`
  MODIFY `id_img` int(32) NOT NULL AUTO_INCREMENT, AUTO_INCREMENT=194;

--
-- AUTO_INCREMENT for table `orders`
--
ALTER TABLE `orders`
  MODIFY `id_order` int(32) NOT NULL AUTO_INCREMENT;

--
-- AUTO_INCREMENT for table `ordertemp`
--
ALTER TABLE `ordertemp`
  MODIFY `id` int(32) NOT NULL AUTO_INCREMENT;

--
-- AUTO_INCREMENT for table `product`
--
ALTER TABLE `product`
  MODIFY `id_product` int(32) NOT NULL AUTO_INCREMENT, AUTO_INCREMENT=30;

--
-- AUTO_INCREMENT for table `repair`
--
ALTER TABLE `repair`
  MODIFY `id_repair` int(32) NOT NULL AUTO_INCREMENT, AUTO_INCREMENT=18;

--
-- AUTO_INCREMENT for table `user`
--
ALTER TABLE `user`
  MODIFY `id_user` int(20) NOT NULL AUTO_INCREMENT, AUTO_INCREMENT=31;

--
-- Constraints for dumped tables
--

--
-- Constraints for table `img_info`
--
ALTER TABLE `img_info`
  ADD CONSTRAINT `fk_img_info_id_product` FOREIGN KEY (`id_product`) REFERENCES `product` (`id_product`) ON DELETE CASCADE,
  ADD CONSTRAINT `img_info_ibfk_1` FOREIGN KEY (`id_product`) REFERENCES `product` (`id_product`);

--
-- Constraints for table `img_list`
--
ALTER TABLE `img_list`
  ADD CONSTRAINT `fk_img_list_id_product` FOREIGN KEY (`id_product`) REFERENCES `product` (`id_product`) ON DELETE CASCADE,
  ADD CONSTRAINT `img_list_ibfk_1` FOREIGN KEY (`id_product`) REFERENCES `product` (`id_product`);

--
-- Constraints for table `orderdetail`
--
ALTER TABLE `orderdetail`
  ADD CONSTRAINT `fk_orderdetail_order` FOREIGN KEY (`id_order`) REFERENCES `orders` (`id_order`),
  ADD CONSTRAINT `fk_orderdetail_product` FOREIGN KEY (`id_product`) REFERENCES `product` (`id_product`);

--
-- Constraints for table `orders`
--
ALTER TABLE `orders`
  ADD CONSTRAINT `id_user_fk` FOREIGN KEY (`id_user`) REFERENCES `user` (`id_user`),
  ADD CONSTRAINT `orders_ibfk_1` FOREIGN KEY (`id_user`) REFERENCES `user` (`id_user`);

--
-- Constraints for table `ordertemp`
--
ALTER TABLE `ordertemp`
  ADD CONSTRAINT `ordertemp_ibfk_1` FOREIGN KEY (`id_product`) REFERENCES `product` (`id_product`);

--
-- Constraints for table `product`
--
ALTER TABLE `product`
  ADD CONSTRAINT `product_catalog_fk` FOREIGN KEY (`id_catalog`) REFERENCES `catalog` (`id_catalog`),
  ADD CONSTRAINT `product_ibfk_1` FOREIGN KEY (`id_catalog`) REFERENCES `catalog` (`id_catalog`);

--
-- Constraints for table `repair`
--
ALTER TABLE `repair`
  ADD CONSTRAINT `repair_ibfk_1` FOREIGN KEY (`id_product`) REFERENCES `product` (`id_product`);
COMMIT;

/*!40101 SET CHARACTER_SET_CLIENT=@OLD_CHARACTER_SET_CLIENT */;
/*!40101 SET CHARACTER_SET_RESULTS=@OLD_CHARACTER_SET_RESULTS */;
/*!40101 SET COLLATION_CONNECTION=@OLD_COLLATION_CONNECTION */;
